{"chunk_definitions":[{"row":1260,"row_count":1,"visible":true,"expansion_state":0,"options":{"engine":"r","label":"scales-color-discrete-type-vector","output-location":"column","code-line-numbers":"7,10|7,10|8|9","dev":"png"},"document_id":"890780D5","chunk_id":"c6jxlr0xc2ym6","chunk_label":"scales-color-discrete-type-vector"},{"row":1298,"row_count":1,"visible":true,"expansion_state":0,"options":{"engine":"r","label":"scales-color-manual-type-vector-filtered","output-location":"column","code-line-numbers":"7,9","dev":"png"},"document_id":"890780D5","chunk_id":"c11c251sfciw8","chunk_label":"scales-color-manual-type-vector-filtered"},{"row":1325,"row_count":1,"visible":true,"expansion_state":0,"options":{"engine":"r","label":"scales-color-discrete-type-vector-named","output-location":"column","code-line-numbers":"1,2,3,4,5,6|1,16","dev":"png"},"document_id":"890780D5","chunk_id":"c6b79yuntac47","chunk_label":"scales-color-manual-vector-named"},{"row":1352,"row_count":1,"visible":true,"expansion_state":0,"options":{"engine":"r","label":"scales-color-manual-vector-named-filtered","output-location":"column","code-line-numbers":"2,5|1,16","dev":"png"},"document_id":"890780D5","chunk_id":"co3om1qe04d3g","chunk_label":"scales-color-manual-vector-named-filtered"},{"row":1414,"row_count":1,"visible":true,"expansion_state":0,"options":{"engine":"r","label":"scales-color-manual-type-palette","output-location":"column","code-line-numbers":"1|11,12,13","dev":"png"},"document_id":"890780D5","chunk_id":"cddvifrxe2j99","chunk_label":"scales-color-brewer"},{"row":1451,"row_count":1,"visible":true,"expansion_state":0,"options":{"engine":"r","label":"scales-color-continuous-viridis","output-location":"column","code-line-numbers":9,"dev":"png"},"document_id":"890780D5","chunk_id":"cvau1sr3s7eg5","chunk_label":"scales-color-continuous-viridis"},{"row":1472,"row_count":1,"visible":true,"expansion_state":0,"options":{"engine":"r","label":"scales-color-continuous-viridis-options","output-location":"column","code-line-numbers":"8|8,9","dev":"png"},"document_id":"890780D5","chunk_id":"cyz5napz9ajew","chunk_label":"scales-color-continuous-viridis-options"},{"row":1492,"row_count":1,"visible":true,"expansion_state":0,"options":{"engine":"r","label":"scales-color-distiller","output-location":"column","code-line-numbers":"7,10|9","dev":"png"},"document_id":"890780D5","chunk_id":"crpozymqepqz8","chunk_label":"scales-color-distiller"},{"row":1513,"row_count":1,"visible":true,"expansion_state":0,"options":{"engine":"r","label":"scales-color-gradient","output-location":"column","code-line-numbers":"7,11|9,10","dev":"png"},"document_id":"890780D5","chunk_id":"cgjo6n3j32ifx","chunk_label":"scales-color-gradient"},{"row":1533,"row_count":1,"visible":true,"expansion_state":0,"options":{"engine":"r","label":"scales-color-gradient2","output-location":"column","code-line-numbers":"7,12|9,10,11","dev":"png"},"document_id":"890780D5","chunk_id":"c3yxxifhsttte","chunk_label":"scales-color-gradient2"},{"row":1556,"row_count":1,"visible":true,"expansion_state":0,"options":{"engine":"r","label":"scales-color-gradient2-midpoint","output-location":"column","code-line-numbers":12,"dev":"png"},"document_id":"890780D5","chunk_id":"cbnb1kp5c8op2","chunk_label":"scales-color-gradient2-midpoint"},{"row":1576,"row_count":1,"visible":true,"expansion_state":0,"options":{"engine":"r","label":"scales-color-gradientn","output-location":"column","code-line-numbers":"7,10|9","dev":"png"},"document_id":"890780D5","chunk_id":"c23hrsiir4oej","chunk_label":"scales-color-gradientn"},{"row":1597,"row_count":1,"visible":true,"expansion_state":0,"options":{"engine":"r","label":"scales-color-carto-c","output-location":"column","code-line-numbers":"7,11|9,10","dev":"png"},"document_id":"890780D5","chunk_id":"cwi5i6l7fv12k","chunk_label":"scales-color-carto-c"}],"doc_write_time":1744054775}