date,year,month,season,count,is_workday,is_weekend,is_holiday,temp,temp_feel,humidity,wind_speed,weather_type
2015-01-04,2015,1,3,9234,0,1,0,2.4791666666666665,0.6458333333333334,94.27083333333333,7.5,broken clouds
2015-01-05,2015,1,3,20372,1,0,0,8.041666666666666,6.708333333333333,80.3125,8.854166666666666,broken clouds
2015-01-06,2015,1,3,20613,1,0,0,7.854166666666667,5.333333333333333,78.89583333333333,16,clear
2015-01-07,2015,1,3,21064,1,0,0,7.456521739130435,4.5,78.1086956521739,19.76086956521739,scattered clouds
2015-01-08,2015,1,3,15601,1,0,0,9.75,7.791666666666667,79.3125,20.479166666666668,scattered clouds
2015-01-09,2015,1,3,22104,1,0,0,12.729166666666666,12.333333333333334,74.85416666666667,32.916666666666664,broken clouds
2015-01-10,2015,1,3,14709,0,1,0,10.479166666666666,8.708333333333334,66.125,34.3125,broken clouds
2015-01-11,2015,1,3,14575,0,1,0,6.645833333333333,2.4583333333333335,67.58333333333333,26.5625,clear
2015-01-12,2015,1,3,17199,1,0,0,11.125,9.75,76.58333333333333,28.1875,rain
2015-01-13,2015,1,3,24697,1,0,0,8.604166666666666,6.083333333333333,75.8125,21.208333333333332,rain
2015-01-14,2015,1,3,23565,1,0,0,6.5,2.4791666666666665,67.125,25.75,scattered clouds
2015-01-15,2015,1,3,22968,1,0,0,8.833333333333334,5.625,66.45833333333333,31.166666666666668,scattered clouds
2015-01-16,2015,1,3,22663,1,0,0,5.791666666666667,2.5416666666666665,66.22916666666667,17.458333333333332,clear
2015-01-17,2015,1,3,15268,0,1,0,3.7916666666666665,0.5625,75.10416666666667,13.583333333333334,clear
2015-01-18,2015,1,3,13199,0,1,0,3.3958333333333335,1.9166666666666667,84.33333333333333,6.979166666666667,rain
2015-01-19,2015,1,3,23034,1,0,0,2.4166666666666665,0.7916666666666666,80,6.1875,broken clouds
2015-01-20,2015,1,3,23247,1,0,0,2.0625,-0.16666666666666666,81.95833333333333,9.166666666666666,clear
2015-01-21,2015,1,3,22782,1,0,0,3.0416666666666665,-0.375,84.27083333333333,14.729166666666666,cloudy
2015-01-22,2015,1,3,23278,1,0,0,2.5833333333333335,1.0416666666666667,74.47916666666667,6.729166666666667,broken clouds
2015-01-23,2015,1,3,21892,1,0,0,2.7083333333333335,-0.020833333333333332,79.41666666666667,12.416666666666666,clear
2015-01-24,2015,1,3,17539,0,1,0,5.708333333333333,2.3333333333333335,72.72916666666667,18.0625,clear
2015-01-25,2015,1,3,15094,0,1,0,5.520833333333333,2.3125,77.375,16.166666666666668,broken clouds
2015-01-26,2015,1,3,22710,1,0,0,8.5625,5.729166666666667,75.20833333333333,18.958333333333332,broken clouds
2015-01-27,2015,1,3,25000,1,0,0,6.958333333333333,4.145833333333333,72.375,15.291666666666666,clear
2015-01-28,2015,1,3,21536,1,0,0,6.979166666666667,2.9166666666666665,71.02083333333333,29.145833333333332,clear
2015-01-29,2015,1,3,21275,1,0,0,3.7708333333333335,-1.25,73.52083333333333,26.5625,scattered clouds
2015-01-30,2015,1,3,21171,1,0,0,3.9791666666666665,0.1875,77.08333333333333,17.479166666666668,broken clouds
2015-01-31,2015,1,3,10250,0,1,0,3.4166666666666665,-0.9166666666666666,77.91666666666667,20.125,rain
2015-02-01,2015,2,3,11305,0,1,0,3.7916666666666665,-0.8958333333333334,67,24.770833333333332,broken clouds
2015-02-02,2015,2,3,21640,1,0,0,1.25,-2.3958333333333335,64.85416666666667,12.625,clear
2015-02-03,2015,2,3,19869,1,0,0,2.1666666666666665,-1.0416666666666667,85.5,11.833333333333334,broken clouds
2015-02-04,2015,2,3,21850,1,0,0,2.875,-0.5208333333333334,80.6875,14.125,broken clouds
2015-02-05,2015,2,3,21200,1,0,0,2.8958333333333335,-0.9166666666666666,78.10416666666667,16.020833333333332,scattered clouds
2015-02-06,2015,2,3,20955,1,0,0,2.6875,-1.6666666666666667,69.85416666666667,19.270833333333332,scattered clouds
2015-02-07,2015,2,3,13149,0,1,0,3.75,1.0208333333333333,83.02083333333333,11.3125,broken clouds
2015-02-08,2015,2,3,15778,0,1,0,5.4375,3.1458333333333335,76.20833333333333,10.25,scattered clouds
2015-02-09,2015,2,3,23858,1,0,0,5.708333333333333,3.8541666666666665,81.4375,9.208333333333334,scattered clouds
2015-02-10,2015,2,3,23559,1,0,0,5.5,4.369565217391305,79.6086956521739,6.478260869565218,cloudy
2015-02-11,2015,2,3,23680,1,0,0,5.041666666666667,3.1666666666666665,77.4375,7.645833333333333,cloudy
2015-02-12,2015,2,3,23227,1,0,0,3.9791666666666665,2.375,73.125,7.208333333333333,cloudy
2015-02-13,2015,2,3,17699,1,0,0,6.979166666666667,4.020833333333333,84.54166666666667,17.8125,rain
2015-02-14,2015,2,3,14423,0,1,0,7.3125,5.104166666666667,88.6875,12.375,broken clouds
2015-02-15,2015,2,3,16952,0,1,0,6.6875,5.333333333333333,86.16666666666667,7.333333333333333,broken clouds
2015-02-16,2015,2,3,16381,1,0,0,6.041666666666667,4.0625,89.70833333333333,9.75,rain
2015-02-17,2015,2,3,25064,1,0,0,5.854166666666667,3.4791666666666665,68.70833333333333,12.1875,clear
2015-02-18,2015,2,3,25132,1,0,0,6.395833333333333,3.7291666666666665,71.27083333333333,15.166666666666666,clear
2015-02-19,2015,2,3,16898,1,0,0,7.270833333333333,3.8958333333333335,81.5,21.125,rain
2015-02-20,2015,2,3,20715,1,0,0,6.645833333333333,4.8125,81.33333333333333,9.416666666666666,scattered clouds
2015-02-21,2015,2,3,16198,0,1,0,4.8125,1.625,76.33333333333333,16.208333333333332,scattered clouds
2015-02-22,2015,2,3,9086,0,1,0,5.125,1.4166666666666667,80.91666666666667,21.25,clear
2015-02-23,2015,2,3,21764,1,0,0,6.9375,2.9375,66.85416666666667,25.875,scattered clouds
2015-02-24,2015,2,3,23688,1,0,0,7.1875,3.1458333333333335,66.14583333333333,27,scattered clouds
2015-02-25,2015,2,3,21592,1,0,0,9.083333333333334,7.666666666666667,77.3125,11.104166666666666,scattered clouds
2015-02-26,2015,2,3,20036,1,0,0,9.25,7.4375,81.72916666666667,16.916666666666668,rain
2015-02-27,2015,2,3,24367,1,0,0,5.9375,3.1041666666666665,66.27083333333333,14.3125,clear
2015-02-28,2015,2,3,13529,0,1,0,8.6875,5.75,83.58333333333333,23.083333333333332,broken clouds
2015-03-01,2015,3,0,15641,0,1,0,9.1875,6.416666666666667,66.6875,29.583333333333332,scattered clouds
2015-03-02,2015,3,0,22258,1,0,0,6.0625,1.7291666666666667,62.8125,28.3125,clear
2015-03-03,2015,3,0,23845,1,0,0,6.583333333333333,2.8541666666666665,64.1875,23.041666666666668,scattered clouds
2015-03-04,2015,3,0,24485,1,0,0,6.6875,3.2708333333333335,64.66666666666667,20.208333333333332,clear
2015-03-05,2015,3,0,24896,1,0,0,7.5,5.208333333333333,65.27083333333333,16.6875,clear
2015-03-06,2015,3,0,25337,1,0,0,9.104166666666666,7.1875,63.291666666666664,17.520833333333332,clear
2015-03-07,2015,3,0,27365,0,1,0,11.041666666666666,9.645833333333334,64.3125,18.395833333333332,clear
2015-03-08,2015,3,0,20017,0,1,0,10.041666666666666,9.041666666666666,78.85416666666667,14.229166666666666,scattered clouds
2015-03-09,2015,3,0,24037,1,0,0,8.354166666666666,6.416666666666667,82.83333333333333,14.3125,broken clouds
2015-03-10,2015,3,0,27674,1,0,0,8.916666666666666,7.395833333333333,65.45833333333333,10.625,clear
2015-03-11,2015,3,0,27419,1,0,0,8.75,7.604166666666667,73.72916666666667,11.229166666666666,clear
2015-03-12,2015,3,0,28131,1,0,0,10,8.958333333333334,56.208333333333336,13.583333333333334,clear
2015-03-13,2015,3,0,25700,1,0,0,8.5,6.625,61.270833333333336,17.770833333333332,clear
2015-03-14,2015,3,0,18101,0,1,0,6.145833333333333,2.9583333333333335,66.97916666666667,17.958333333333332,cloudy
2015-03-15,2015,3,0,10662,0,1,0,6.3125,3.3125,82.20833333333333,16.3125,rain
2015-03-16,2015,3,0,19824,1,0,0,7,4.520833333333333,81.77083333333333,13.6875,broken clouds
2015-03-17,2015,3,0,25780,1,0,0,8.479166666666666,7.166666666666667,85.875,10.208333333333334,scattered clouds
2015-03-18,2015,3,0,26439,1,0,0,6.895833333333333,4.583333333333333,80.0625,12.208333333333334,broken clouds
2015-03-19,2015,3,0,24077,1,0,0,7.25,4.541666666666667,79.14583333333333,15.083333333333334,cloudy
2015-03-20,2015,3,0,25226,1,0,0,7.541666666666667,5.833333333333333,75.47916666666667,9.854166666666666,clear
2015-03-21,2015,3,0,16116,0,1,0,7.625,4.895833333333333,72.04166666666667,16.479166666666668,broken clouds
2015-03-22,2015,3,0,18618,0,1,0,5.854166666666667,3.3333333333333335,67.72916666666667,12.395833333333334,broken clouds
2015-03-23,2015,3,0,25592,1,0,0,8,6.479166666666667,66.16666666666667,11.916666666666666,scattered clouds
2015-03-24,2015,3,0,24083,1,0,0,7.541666666666667,5.916666666666667,69.8125,9.354166666666666,rain
2015-03-25,2015,3,0,25672,1,0,0,6.208333333333333,4.645833333333333,67.08333333333333,7.9375,clear
2015-03-26,2015,3,0,20305,1,0,0,8.416666666666666,6.1875,70.375,20.833333333333332,clear
2015-03-27,2015,3,0,26348,1,0,0,8.833333333333334,6.916666666666667,60.5,15.729166666666666,clear
2015-03-28,2015,3,0,18986,0,1,0,11.5625,11.145833333333334,80.125,22.895833333333332,broken clouds
2015-03-29,2015,3,0,8592,0,1,0,11.304347826086957,10.08695652173913,77.44565217391305,30.77173913043478,rain
2015-03-30,2015,3,0,22106,1,0,0,9.625,7.395833333333333,64.5625,26.333333333333332,scattered clouds
2015-03-31,2015,3,0,22602,1,0,0,10.85,9.7,55.15,41.9,rain
2015-04-01,2015,4,0,23539,1,0,0,8.5,4.9375,59.854166666666664,31.708333333333332,scattered clouds
2015-04-02,2015,4,0,22682,1,0,0,9.0625,7.125,66.35416666666667,14.8125,clear
2015-04-03,2015,4,0,11298,0,0,1,9.395833333333334,8.583333333333334,88.08333333333333,7.916666666666667,rain
2015-04-04,2015,4,0,12864,0,1,0,8.869565217391305,7.021739130434782,77.69565217391305,12.26086956521739,broken clouds
2015-04-05,2015,4,0,19369,0,1,0,8.791666666666666,8.270833333333334,71.125,7.020833333333333,broken clouds
2015-04-06,2015,4,0,25439,0,0,1,9.25,7.770833333333333,73.58333333333333,13.354166666666666,broken clouds
2015-04-07,2015,4,0,29441,1,0,0,11.083333333333334,10.916666666666666,68.0625,6.604166666666667,clear
2015-04-08,2015,4,0,30643,1,0,0,11.75,11.375,73.95833333333333,11.020833333333334,clear
2015-04-09,2015,4,0,31520,1,0,0,10.5,9.5625,79.3125,10.5625,clear
2015-04-10,2015,4,0,32052,1,0,0,13.041666666666666,12.541666666666666,68,11.916666666666666,clear
2015-04-11,2015,4,0,25113,0,1,0,11.625,11.125,58.916666666666664,21.6875,clear
2015-04-12,2015,4,0,29204,0,1,0,11.791666666666666,10.916666666666666,58.645833333333336,20.208333333333332,clear
2015-04-13,2015,4,0,28048,1,0,0,11.604166666666666,11.166666666666666,68.77083333333333,9.729166666666666,broken clouds
2015-04-14,2015,4,0,34519,1,0,0,15.645833333333334,14.895833333333334,60.770833333333336,17.166666666666668,clear
2015-04-15,2015,4,0,37470,1,0,0,17.541666666666668,17.208333333333332,51.895833333333336,14.0625,clear
2015-04-16,2015,4,0,30489,1,0,0,11.6875,10.895833333333334,66.95833333333333,19.625,clear
2015-04-17,2015,4,0,29796,1,0,0,10.583333333333334,8.916666666666666,63.625,23.645833333333332,clear
2015-04-18,2015,4,0,29595,0,1,0,9.645833333333334,8.145833333333334,63.875,22.583333333333332,scattered clouds
2015-04-19,2015,4,0,19736,0,1,0,8.416666666666666,6.666666666666667,67.8125,11.604166666666666,broken clouds
2015-04-20,2015,4,0,32057,1,0,0,11.0625,10.4375,64.4375,13.854166666666666,clear
2015-04-21,2015,4,0,34908,1,0,0,11.375,10.854166666666666,61.604166666666664,12.75,clear
2015-04-22,2015,4,0,32381,1,0,0,10.395833333333334,9.479166666666666,72.47916666666667,16.854166666666668,clear
2015-04-23,2015,4,0,32773,1,0,0,10.395833333333334,9.020833333333334,71.66666666666667,13.208333333333334,clear
2015-04-24,2015,4,0,32102,1,0,0,13.020833333333334,12.6875,68.64583333333333,14.166666666666666,clear
2015-04-25,2015,4,0,25194,0,1,0,14.145833333333334,14.145833333333334,75.14583333333333,18.395833333333332,rain
2015-04-26,2015,4,0,19427,0,1,0,9.645833333333334,8.291666666666666,83.33333333333333,11.1875,broken clouds
2015-04-27,2015,4,0,30489,1,0,0,9.270833333333334,8.375,55.583333333333336,10.479166666666666,clear
2015-04-28,2015,4,0,31783,1,0,0,9.708333333333334,7.875,53.479166666666664,23.041666666666668,clear
2015-04-29,2015,4,0,26030,1,0,0,9.854166666666666,8,71.3125,18.645833333333332,clear
2015-04-30,2015,4,0,31621,1,0,0,10.75,9.4375,57.75,18.291666666666668,clear
2015-05-01,2015,5,0,29579,1,0,0,9.083333333333334,7.229166666666667,64.25,18.875,scattered clouds
2015-05-02,2015,5,0,22231,0,1,0,9.75,8.4375,74.52083333333333,21.0625,clear
2015-05-03,2015,5,0,21165,0,1,0,14.5625,14.5,80.375,21.75,broken clouds
2015-05-04,2015,5,0,26795,0,0,1,14.604166666666666,14.604166666666666,67.20833333333333,18.8125,scattered clouds
2015-05-05,2015,5,0,26488,1,0,0,14.645833333333334,14.645833333333334,69.35416666666667,31.041666666666668,scattered clouds
2015-05-06,2015,5,0,24438,1,0,0,12.5,12.25,70.54166666666667,32.166666666666664,rain
2015-05-07,2015,5,0,31144,1,0,0,13.166666666666666,13.104166666666666,62.3125,19.625,scattered clouds
2015-05-08,2015,5,0,26878,1,0,0,13.083333333333334,12.979166666666666,71.16666666666667,12.104166666666666,clear
2015-05-09,2015,5,0,27810,0,1,0,14.8125,14.8125,59.395833333333336,26.270833333333332,broken clouds
2015-05-10,2015,5,0,32226,0,1,0,14.770833333333334,14.645833333333334,66.58333333333333,13.6875,scattered clouds
2015-05-11,2015,5,0,33719,1,0,0,17.333333333333332,17.333333333333332,64.52083333333333,17.25,clear
2015-05-12,2015,5,0,33820,1,0,0,14.5625,14.5625,53.416666666666664,23.229166666666668,clear
2015-05-13,2015,5,0,36699,1,0,0,13.75,13.354166666666666,56.479166666666664,11.666666666666666,clear
2015-05-14,2015,5,0,15609,1,0,0,9.895833333333334,7.895833333333333,84.95833333333333,21.375,rain
2015-05-15,2015,5,0,32343,1,0,0,11.791666666666666,11.020833333333334,69.54166666666667,14.0625,scattered clouds
2015-05-16,2015,5,0,32526,0,1,0,15.145833333333334,15.145833333333334,59.875,19.916666666666668,clear
2015-05-17,2015,5,0,31323,0,1,0,13.583333333333334,13.25,56.395833333333336,17.166666666666668,clear
2015-05-18,2015,5,0,24288,1,0,0,12.416666666666666,11.979166666666666,68.29166666666667,25.104166666666668,scattered clouds
2015-05-19,2015,5,0,28331,1,0,0,10.916666666666666,9.5,63.125,24.270833333333332,scattered clouds
2015-05-20,2015,5,0,30534,1,0,0,11.520833333333334,10.458333333333334,61.1875,18.6875,clear
2015-05-21,2015,5,0,34833,1,0,0,14.625,14.020833333333334,53.020833333333336,15.75,clear
2015-05-22,2015,5,0,33435,1,0,0,15.6875,15.395833333333334,65.70833333333333,13.666666666666666,clear
2015-05-23,2015,5,0,23849,0,1,0,14.666666666666666,14.666666666666666,68.9375,15.020833333333334,broken clouds
2015-05-24,2015,5,0,30018,0,1,0,15.791666666666666,15.791666666666666,64.3125,11.479166666666666,broken clouds
2015-05-25,2015,5,0,29502,0,0,1,13.75,13.75,60.875,13.604166666666666,scattered clouds
2015-05-26,2015,5,0,34809,1,0,0,14.916666666666666,14.916666666666666,60.0625,14.604166666666666,clear
2015-05-27,2015,5,0,36407,1,0,0,14.791666666666666,14.541666666666666,56.416666666666664,16.6875,clear
2015-05-28,2015,5,0,34387,1,0,0,15.041666666666666,15.041666666666666,49.9375,23.208333333333332,clear
2015-05-29,2015,5,0,26023,1,0,0,12.375,12.375,64.04166666666667,22.208333333333332,scattered clouds
2015-05-30,2015,5,0,29206,0,1,0,13.083333333333334,12.416666666666666,57.770833333333336,17.833333333333332,clear
2015-05-31,2015,5,0,14998,0,1,0,13.854166666666666,13.854166666666666,72.875,22.333333333333332,rain
2015-06-01,2015,6,1,27864,1,0,0,12.104166666666666,11.4375,62.833333333333336,23.645833333333332,scattered clouds
2015-06-02,2015,6,1,27939,1,0,0,15.666666666666666,15.666666666666666,75.02083333333333,33.520833333333336,broken clouds
2015-06-03,2015,6,1,35377,1,0,0,16.125,16.125,53.0625,17.583333333333332,clear
2015-06-04,2015,6,1,39451,1,0,0,17,16.833333333333332,56.333333333333336,12.854166666666666,clear
2015-06-05,2015,6,1,34563,1,0,0,19.833333333333332,19.833333333333332,63.5,19.452380952380953,clear
2015-06-06,2015,6,1,32820,0,1,0,15.270833333333334,15.229166666666666,51.1875,23.791666666666668,clear
2015-06-07,2015,6,1,35407,0,1,0,15,14.916666666666666,55.979166666666664,12.520833333333334,clear
2015-06-08,2015,6,1,32587,1,0,0,13.604166666666666,13.541666666666666,63.854166666666664,13.541666666666666,clear
2015-06-09,2015,6,1,33255,1,0,0,12.041666666666666,11.3125,59.1875,21.020833333333332,scattered clouds
2015-06-10,2015,6,1,35707,1,0,0,13.979166666666666,13.8125,57.833333333333336,21.958333333333332,scattered clouds
2015-06-11,2015,6,1,38808,1,0,0,16.8125,16.6875,63.104166666666664,20.416666666666668,clear
2015-06-12,2015,6,1,35172,1,0,0,18.75,18.75,69.58333333333333,12.208333333333334,clear
2015-06-13,2015,6,1,30298,0,1,0,17.458333333333332,17.458333333333332,77.35416666666667,18.333333333333332,cloudy
2015-06-14,2015,6,1,25235,0,1,0,14.854166666666666,14.854166666666666,78.5,13.145833333333334,broken clouds
2015-06-15,2015,6,1,34558,1,0,0,14.270833333333334,14.270833333333334,64.70833333333333,16.875,scattered clouds
2015-06-16,2015,6,1,37923,1,0,0,17.041666666666668,16.895833333333332,58.541666666666664,8.125,clear
2015-06-17,2015,6,1,38591,1,0,0,19.645833333333332,19.645833333333332,65.54166666666667,21.916666666666668,clear
2015-06-18,2015,6,1,38687,1,0,0,17.875,17.875,57.25,18.083333333333332,clear
2015-06-19,2015,6,1,35966,1,0,0,16.354166666666668,16.354166666666668,58.541666666666664,16.020833333333332,scattered clouds
2015-06-20,2015,6,1,26295,0,1,0,16.645833333333332,16.645833333333332,74.8125,9.75,broken clouds
2015-06-21,2015,6,1,30393,0,1,0,17.458333333333332,17.458333333333332,62.6875,23.041666666666668,broken clouds
2015-06-22,2015,6,1,29557,1,0,0,14.6875,14.6875,70.85416666666667,20.916666666666668,scattered clouds
2015-06-23,2015,6,1,37472,1,0,0,15.8125,15.8125,60.4375,14.104166666666666,broken clouds
2015-06-24,2015,6,1,38940,1,0,0,18.625,18.4375,57.208333333333336,16.083333333333332,clear
2015-06-25,2015,6,1,38673,1,0,0,19.645833333333332,19.583333333333332,56.979166666666664,13.541666666666666,clear
2015-06-26,2015,6,1,37019,1,0,0,20.604166666666668,20.604166666666668,55.25,15.916666666666666,clear
2015-06-27,2015,6,1,36581,0,1,0,19.541666666666668,19.208333333333332,57.354166666666664,17,clear
2015-06-28,2015,6,1,25706,0,1,0,19.125,19.125,64.25,15.333333333333334,scattered clouds
2015-06-29,2015,6,1,39082,1,0,0,20.583333333333332,20.458333333333332,54.645833333333336,13.416666666666666,clear
2015-06-30,2015,6,1,43326,1,0,0,22.375,22,50.354166666666664,14.895833333333334,clear
2015-07-01,2015,7,1,42641,1,0,0,27.375,27.4375,50.979166666666664,17.3125,clear
2015-07-02,2015,7,1,38262,1,0,0,22.291666666666668,22.291666666666668,64.5625,15.208333333333334,clear
2015-07-03,2015,7,1,39611,1,0,0,19.916666666666668,19.875,63.666666666666664,17.458333333333332,clear
2015-07-04,2015,7,1,38283,0,1,0,22.229166666666668,22.229166666666668,66.16666666666667,17.4375,clear
2015-07-05,2015,7,1,29716,0,1,0,18.645833333333332,18.604166666666668,64.66666666666667,13.729166666666666,scattered clouds
2015-07-06,2015,7,1,38620,1,0,0,18.979166666666668,18.729166666666668,58.979166666666664,15.479166666666666,clear
2015-07-07,2015,7,1,37908,1,0,0,19.458333333333332,19.354166666666668,58.125,21.520833333333332,clear
2015-07-08,2015,7,1,41703,1,0,0,17.8125,17.8125,62.4375,23.833333333333332,broken clouds
2015-07-09,2015,7,1,72504,1,0,0,17.791666666666668,17.541666666666668,48.979166666666664,12.979166666666666,clear
2015-07-10,2015,7,1,42779,1,0,0,20.833333333333332,20.333333333333332,47.229166666666664,12.854166666666666,clear
2015-07-11,2015,7,1,42091,0,1,0,21.375,21.291666666666668,54.229166666666664,17.416666666666668,clear
2015-07-12,2015,7,1,23240,0,1,0,18.520833333333332,18.520833333333332,75.47916666666667,21.6875,broken clouds
2015-07-13,2015,7,1,26920,1,0,0,18.956521739130434,18.956521739130434,81.45652173913044,20.043478260869566,broken clouds
2015-07-14,2015,7,1,35348,1,0,0,19.416666666666668,19.416666666666668,76.64583333333333,15.979166666666666,broken clouds
2015-07-15,2015,7,1,34574,1,0,0,19.645833333333332,19.645833333333332,76.91666666666667,12,broken clouds
2015-07-16,2015,7,1,39306,1,0,0,19.916666666666668,19.916666666666668,65.47916666666667,22.041666666666668,broken clouds
2015-07-17,2015,7,1,38505,1,0,0,20.4375,20.4375,62.708333333333336,19.958333333333332,scattered clouds
2015-07-18,2015,7,1,38491,0,1,0,18.708333333333332,18.458333333333332,53.958333333333336,17.583333333333332,clear
2015-07-19,2015,7,1,36693,0,1,0,20,19.708333333333332,49.291666666666664,18.979166666666668,clear
2015-07-20,2015,7,1,27163,1,0,0,19.142857142857142,19.142857142857142,77.88095238095238,13.357142857142858,broken clouds
2015-07-21,2015,7,1,40696,1,0,0,20.395833333333332,20.395833333333332,58.354166666666664,22.395833333333332,clear
2015-07-22,2015,7,1,37915,1,0,0,19.333333333333332,19.229166666666668,60.958333333333336,17.75,scattered clouds
2015-07-23,2015,7,1,39092,1,0,0,18.166666666666668,18.125,56.520833333333336,13.5625,clear
2015-07-24,2015,7,1,16034,1,0,0,15.854166666666666,15.854166666666666,75.41666666666667,11.458333333333334,rain
2015-07-25,2015,7,1,32608,0,1,0,16.6875,16.6875,61.708333333333336,19.916666666666668,clear
2015-07-26,2015,7,1,12398,0,1,0,15.458333333333334,15.458333333333334,77.625,16.25,clear
2015-07-27,2015,7,1,31904,1,0,0,17.770833333333332,17.770833333333332,67.1875,28.208333333333332,broken clouds
2015-07-28,2015,7,1,36101,1,0,0,17.125,17.125,58.791666666666664,27.854166666666668,scattered clouds
2015-07-29,2015,7,1,36761,1,0,0,15.833333333333334,15.833333333333334,60.895833333333336,19.666666666666668,scattered clouds
2015-07-30,2015,7,1,36145,1,0,0,15.9375,15.9375,60.208333333333336,14.854166666666666,scattered clouds
2015-07-31,2015,7,1,36675,1,0,0,16.958333333333332,16.895833333333332,58.645833333333336,8.1875,clear
2015-08-01,2015,8,1,43017,0,1,0,17.666666666666668,17.5625,55.6875,12.604166666666666,clear
2015-08-02,2015,8,1,43295,0,1,0,19.791666666666668,19.541666666666668,57.770833333333336,12.5,clear
2015-08-03,2015,8,1,35402,1,0,0,19.833333333333332,19.833333333333332,68.25,17.625,broken clouds
2015-08-04,2015,8,1,37644,1,0,0,18.270833333333332,18.25,61,22.916666666666668,clear
2015-08-05,2015,8,1,38770,1,0,0,18.375,18.354166666666668,64.5625,11.0625,clear
2015-08-06,2015,8,1,63468,1,0,0,19.4375,19.4375,67.70833333333333,14.895833333333334,clear
2015-08-07,2015,8,1,39486,1,0,0,19.520833333333332,19.520833333333332,62.708333333333336,8.958333333333334,scattered clouds
2015-08-08,2015,8,1,38993,0,1,0,19.729166666666668,19.729166666666668,69.4375,11.041666666666666,clear
2015-08-09,2015,8,1,40441,0,1,0,21.25,21.104166666666668,55.8125,12.270833333333334,clear
2015-08-10,2015,8,1,35335,1,0,0,20.333333333333332,20.333333333333332,74.02083333333333,18.104166666666668,broken clouds
2015-08-11,2015,8,1,34318,1,0,0,18.3125,18.3125,64.5625,7.4375,scattered clouds
2015-08-12,2015,8,1,36548,1,0,0,18.541666666666668,18.541666666666668,70.39583333333333,16.770833333333332,broken clouds
2015-08-13,2015,8,1,25974,1,0,0,18.9375,18.9375,83.89583333333333,15.145833333333334,cloudy
2015-08-14,2015,8,1,25419,1,0,0,19.020833333333332,19.020833333333332,85.60416666666667,12.541666666666666,broken clouds
2015-08-15,2015,8,1,33739,0,1,0,17.583333333333332,17.583333333333332,63.291666666666664,13.5,clear
2015-08-16,2015,8,1,30616,0,1,0,16.8125,16.8125,63.416666666666664,7,clear
2015-08-17,2015,8,1,35695,1,0,0,17.8125,17.8125,55.770833333333336,9.666666666666666,clear
2015-08-18,2015,8,1,34530,1,0,0,17.625,17.625,59.520833333333336,16.145833333333332,clear
2015-08-19,2015,8,1,31640,1,0,0,17.9375,17.9375,68.5,15.083333333333334,scattered clouds
2015-08-20,2015,8,1,32554,1,0,0,19.041666666666668,19.041666666666668,81.375,13.8125,broken clouds
2015-08-21,2015,8,1,35882,1,0,0,22.104166666666668,22.104166666666668,68.91666666666667,14.5625,clear
2015-08-22,2015,8,1,44187,0,1,0,23.208333333333332,23.1875,62.770833333333336,12.291666666666666,clear
2015-08-23,2015,8,1,27001,0,1,0,19.5,19.5,68,16.854166666666668,clear
2015-08-24,2015,8,1,17400,1,0,0,15.833333333333334,15.833333333333334,87.45833333333333,13.375,rain
2015-08-25,2015,8,1,28152,1,0,0,16.208333333333332,16.208333333333332,79.33333333333333,20.104166666666668,scattered clouds
2015-08-26,2015,8,1,23738,1,0,0,18.25,18.25,80.72916666666667,21.979166666666668,rain
2015-08-27,2015,8,1,30528,1,0,0,16.770833333333332,16.770833333333332,73.04166666666667,17.5,scattered clouds
2015-08-28,2015,8,1,32950,1,0,0,16.958333333333332,16.958333333333332,66.9375,15.8125,clear
2015-08-29,2015,8,1,22618,0,1,0,18.291666666666668,18.270833333333332,72.72916666666667,7.770833333333333,clear
2015-08-30,2015,8,1,24972,0,1,0,17.833333333333332,17.833333333333332,80.3125,10.479166666666666,broken clouds
2015-08-31,2015,8,1,9639,0,0,1,15.479166666666666,15.479166666666666,89.54166666666667,10.4375,rain
2015-09-01,2015,9,2,25556,1,0,0,15.479166666666666,15.479166666666666,79.83333333333333,9.5,scattered clouds
2015-09-02,2015,9,2,30180,1,0,0,14.6875,14.6875,73.25,10.229166666666666,scattered clouds
2015-09-03,2015,9,2,30950,1,0,0,13.9375,13.9375,68.75,12.958333333333334,scattered clouds
2015-09-04,2015,9,2,29709,1,0,0,14.291666666666666,14.291666666666666,65.33333333333333,13.125,scattered clouds
2015-09-05,2015,9,2,22317,0,1,0,13.4375,13.4375,71.47916666666667,11.291666666666666,broken clouds
2015-09-06,2015,9,2,29429,0,1,0,14.125,13.854166666666666,64.70833333333333,9.8125,clear
2015-09-07,2015,9,2,31692,1,0,0,14.333333333333334,14.333333333333334,72.16666666666667,9.8125,clear
2015-09-08,2015,9,2,32781,1,0,0,14.145833333333334,14.145833333333334,73.375,8.375,broken clouds
2015-09-09,2015,9,2,33116,1,0,0,15.8125,15.8125,71.64583333333333,14.083333333333334,broken clouds
2015-09-10,2015,9,2,35734,1,0,0,16.1875,16.1875,71.83333333333333,15,clear
2015-09-11,2015,9,2,33190,1,0,0,16.568181818181817,16.568181818181817,71.95454545454545,16.84090909090909,clear
2015-09-12,2015,9,2,27023,0,1,0,18.27777777777778,18.27777777777778,63.80555555555556,17.52777777777778,scattered clouds
2015-09-13,2015,9,2,26166,0,1,0,14.020833333333334,14.020833333333334,73,10.958333333333334,clear
2015-09-14,2015,9,2,25811,1,0,0,14.5,14.5,78.77083333333333,18.625,rain
2015-09-15,2015,9,2,28066,1,0,0,14.25,14.25,74.95833333333333,18,scattered clouds
2015-09-16,2015,9,2,18653,1,0,0,13.75,13.75,89.66666666666667,13.416666666666666,rain
2015-09-17,2015,9,2,32075,1,0,0,14.791666666666666,14.791666666666666,72.75,16.6875,scattered clouds
2015-09-18,2015,9,2,29829,1,0,0,15.0625,15.0625,78.39583333333333,9.5,scattered clouds
2015-09-19,2015,9,2,31826,0,1,0,15.195652173913043,15.195652173913043,70.95652173913044,6.978260869565218,clear
2015-09-20,2015,9,2,31141,0,1,0,15.416666666666666,15.416666666666666,73.66666666666667,11.354166666666666,clear
2015-09-21,2015,9,2,23676,1,0,0,14.708333333333334,14.708333333333334,83.5625,13.458333333333334,scattered clouds
2015-09-22,2015,9,2,20434,1,0,0,12.416666666666666,12.416666666666666,83.14583333333333,12.5625,clear
2015-09-23,2015,9,2,33977,1,0,0,14.125,13.916666666666666,71.45833333333333,18.291666666666668,scattered clouds
2015-09-24,2015,9,2,29396,1,0,0,15.583333333333334,15.583333333333334,71.6875,19.9375,scattered clouds
2015-09-25,2015,9,2,34783,1,0,0,13.729166666666666,13.729166666666666,67.52083333333333,10.729166666666666,clear
2015-09-26,2015,9,2,32636,0,1,0,13.1875,13.166666666666666,68.9375,8.5,clear
2015-09-27,2015,9,2,29817,0,1,0,13.645833333333334,13.583333333333334,72.58333333333333,11.645833333333334,clear
2015-09-28,2015,9,2,33138,1,0,0,13.979166666666666,13.979166666666666,74.1875,14.916666666666666,clear
2015-09-29,2015,9,2,34436,1,0,0,14.75,14.75,70.10416666666667,16.354166666666668,clear
2015-09-30,2015,9,2,34941,1,0,0,14.3125,14.3125,68.16666666666667,17.020833333333332,clear
2015-10-01,2015,10,2,34562,1,0,0,14.25,14.25,71.875,15.770833333333334,clear
2015-10-02,2015,10,2,35503,1,0,0,13.6875,13.6875,73.3125,10.729166666666666,clear
2015-10-03,2015,10,2,28956,0,1,0,12.666666666666666,12.666666666666666,81.22916666666667,5.708333333333333,broken clouds
2015-10-04,2015,10,2,29884,0,1,0,13.333333333333334,13.104166666666666,72.83333333333333,9.854166666666666,clear
2015-10-05,2015,10,2,20741,1,0,0,15.895833333333334,15.895833333333334,87.9375,13.75,rain
2015-10-06,2015,10,2,25892,1,0,0,16.645833333333332,16.645833333333332,87.22916666666667,12.416666666666666,rain
2015-10-07,2015,10,2,28629,1,0,0,14.875,14.875,81.9375,19.083333333333332,broken clouds
2015-10-08,2015,10,2,33676,1,0,0,12.395833333333334,11.8125,72.83333333333333,8.416666666666666,clear
2015-10-09,2015,10,2,32006,1,0,0,12.565217391304348,12.5,76.76086956521739,6.913043478260869,clear
2015-10-10,2015,10,2,29416,0,1,0,13,12.979166666666666,81.3125,11.125,scattered clouds
2015-10-11,2015,10,2,27796,0,1,0,12.291666666666666,12.041666666666666,72.5625,13.208333333333334,clear
2015-10-12,2015,10,2,31292,1,0,0,11.270833333333334,10.958333333333334,70.08333333333333,10,broken clouds
2015-10-13,2015,10,2,20114,1,0,0,10.583333333333334,9.416666666666666,73.41666666666667,14.527777777777779,broken clouds
2015-10-14,2015,10,2,30579,1,0,0,10.479166666666666,9.8125,75.04166666666667,13.5,scattered clouds
2015-10-15,2015,10,2,30874,1,0,0,11.229166666666666,10.5625,77.875,13.145833333333334,scattered clouds
2015-10-16,2015,10,2,30075,1,0,0,12.5,12.5,78.5625,16.479166666666668,broken clouds
2015-10-17,2015,10,2,24327,0,1,0,12.0625,12.0625,76.75,13.75,broken clouds
2015-10-18,2015,10,2,23070,0,1,0,13.041666666666666,13.041666666666666,79.72916666666667,9.145833333333334,broken clouds
2015-10-19,2015,10,2,29952,1,0,0,12.729166666666666,12.729166666666666,79.1875,7.375,broken clouds
2015-10-20,2015,10,2,32718,1,0,0,11.541666666666666,11.25,75.52083333333333,8.020833333333334,scattered clouds
2015-10-21,2015,10,2,18922,1,0,0,12.5,12.291666666666666,88.4375,15.520833333333334,rain
2015-10-22,2015,10,2,30326,1,0,0,13.979166666666666,13.979166666666666,69.91666666666667,16.916666666666668,broken clouds
2015-10-23,2015,10,2,30273,1,0,0,12.875,12.875,65.5,7.520833333333333,cloudy
2015-10-24,2015,10,2,16876,0,1,0,12.729166666666666,12.520833333333334,77.75,10.791666666666666,rain
2015-10-25,2015,10,2,23133,0,1,0,9,7.826086956521739,75.69565217391305,8.507246376811594,clear
2015-10-26,2015,10,2,30364,1,0,0,11.708333333333334,11,85.91666666666667,13.5625,broken clouds
2015-10-27,2015,10,2,32436,1,0,0,14.395833333333334,14.395833333333334,84.95833333333333,12.229166666666666,clear
2015-10-28,2015,10,2,23881,1,0,0,13.583333333333334,13.583333333333334,84.77083333333333,10.875,rain
2015-10-29,2015,10,2,27339,1,0,0,13.416666666666666,13.270833333333334,87.79166666666667,13.395833333333334,scattered clouds
2015-10-30,2015,10,2,23970,1,0,0,14.6875,14.6875,82.04166666666667,13.583333333333334,rain
2015-10-31,2015,10,2,27464,0,1,0,12.375,12.375,87.89583333333333,9.75,clear
2015-11-01,2015,11,2,22848,0,1,0,9.208333333333334,8.854166666666666,97.6875,5.208333333333333,cloudy
2015-11-02,2015,11,2,28033,1,0,0,10.5,10.041666666666666,95,9.166666666666666,broken clouds
2015-11-03,2015,11,2,30710,1,0,0,11.895833333333334,11.708333333333334,88.625,9.041666666666666,broken clouds
2015-11-04,2015,11,2,23462,1,0,0,13.479166666666666,13.479166666666666,88.54166666666667,8.395833333333334,scattered clouds
2015-11-05,2015,11,2,24503,1,0,0,15.166666666666666,15.166666666666666,87.4375,14.333333333333334,broken clouds
2015-11-06,2015,11,2,25431,1,0,0,16.229166666666668,16.229166666666668,84.8125,18.125,broken clouds
2015-11-07,2015,11,2,14881,0,1,0,15.770833333333334,15.770833333333334,83.64583333333333,22.895833333333332,rain
2015-11-08,2015,11,2,18754,0,1,0,14.166666666666666,14.0625,85.47916666666667,16.291666666666668,broken clouds
2015-11-09,2015,11,2,28474,1,0,0,13.875,13.875,73.97916666666667,27.041666666666668,broken clouds
2015-11-10,2015,11,2,29206,1,0,0,15.75,15.75,81.47916666666667,22.9375,broken clouds
2015-11-11,2015,11,2,29899,1,0,0,14.770833333333334,14.770833333333334,71.70833333333333,20.333333333333332,broken clouds
2015-11-12,2015,11,2,28962,1,0,0,14.25,14.25,81.1875,17.229166666666668,scattered clouds
2015-11-13,2015,11,2,25252,1,0,0,10.666666666666666,8.833333333333334,66,27.9375,clear
2015-11-14,2015,11,2,8898,0,1,0,11.25,9.791666666666666,81.29166666666667,23.333333333333332,rain
2015-11-15,2015,11,2,17594,0,1,0,15.520833333333334,15.520833333333334,72.47916666666667,34.0625,broken clouds
2015-11-16,2015,11,2,26507,1,0,0,13.645833333333334,13.645833333333334,73.625,21.875,scattered clouds
2015-11-17,2015,11,2,22768,1,0,0,14.772727272727273,14.772727272727273,77.38636363636364,29.204545454545453,rain
2015-11-18,2015,11,2,25926,1,0,0,14.027777777777779,14.027777777777779,69.5,31.666666666666668,scattered clouds
2015-11-19,2015,11,2,23695,1,0,0,11.583333333333334,11.1875,80,21.520833333333332,rain
2015-11-20,2015,11,2,25788,1,0,0,9.0625,6.104166666666667,67.5,22.3125,scattered clouds
2015-11-21,2015,11,2,12751,0,1,0,4.375,-0.375,68.02083333333333,26.25,clear
2015-11-22,2015,11,2,13118,0,1,0,3.5208333333333335,0.7916666666666666,74.66666666666667,10.666666666666666,clear
2015-11-23,2015,11,2,23908,1,0,0,5.041666666666667,2.7291666666666665,74.95833333333333,11.145833333333334,clear
2015-11-24,2015,11,2,21175,1,0,0,9.041666666666666,6.229166666666667,83.70833333333333,19.916666666666668,rain
2015-11-25,2015,11,2,26000,1,0,0,8.9375,6.9375,76.66666666666667,16.166666666666668,scattered clouds
2015-11-26,2015,11,2,26626,1,0,0,9.395833333333334,8.520833333333334,86.3125,7.541666666666667,broken clouds
2015-11-27,2015,11,2,23517,1,0,0,11.291666666666666,10.541666666666666,83.66666666666667,20.729166666666668,broken clouds
2015-11-28,2015,11,2,16336,0,1,0,8.125,5.354166666666667,69.8125,27.25,clear
2015-11-29,2015,11,2,11392,0,1,0,12.041666666666666,12.041666666666666,72.04166666666667,34.083333333333336,broken clouds
2015-11-30,2015,11,2,20918,1,0,0,12.021739130434783,11.478260869565217,77.52173913043478,26.065217391304348,broken clouds
2015-12-01,2015,12,3,26559,1,0,0,13.041666666666666,12.979166666666666,74.3125,20.25,broken clouds
2015-12-02,2015,12,3,27789,1,0,0,13.020833333333334,13.020833333333334,72.47916666666667,20.75,scattered clouds
2015-12-03,2015,12,3,25899,1,0,0,12.916666666666666,12.916666666666666,76.9375,21.125,scattered clouds
2015-12-04,2015,12,3,25956,1,0,0,11.041666666666666,9.979166666666666,70.27083333333333,25.0625,scattered clouds
2015-12-05,2015,12,3,16511,0,1,0,12.645833333333334,12.645833333333334,66.27083333333333,36.833333333333336,scattered clouds
2015-12-06,2015,12,3,15478,0,1,0,13.4375,13.4375,80.27083333333333,23.145833333333332,broken clouds
2015-12-07,2015,12,3,25734,1,0,0,13.3125,13.3125,81.54166666666667,14.479166666666666,broken clouds
2015-12-08,2015,12,3,23430,1,0,0,12.270833333333334,11.708333333333334,73.75,20.75,clear
2015-12-09,2015,12,3,27562,1,0,0,9.583333333333334,8.458333333333334,73.89583333333333,18.270833333333332,clear
2015-12-10,2015,12,3,23115,1,0,0,11.541666666666666,11.375,77.89583333333333,22.4375,broken clouds
2015-12-11,2015,12,3,23259,1,0,0,10.083333333333334,8.875,76.04166666666667,20.375,broken clouds
2015-12-12,2015,12,3,15815,0,1,0,11.675,11.2,73.075,23.375,broken clouds
2015-12-13,2015,12,3,12291,0,1,0,8.4375,6.9375,91.35416666666667,10.25,rain
2015-12-14,2015,12,3,23835,1,0,0,9.208333333333334,7.729166666666667,84.97916666666667,9.729166666666666,broken clouds
2015-12-15,2015,12,3,20201,1,0,0,11.458333333333334,11.125,92.25,10.708333333333334,broken clouds
2015-12-16,2015,12,3,25558,1,0,0,14.479166666666666,14.479166666666666,81.6875,20.458333333333332,broken clouds
2015-12-17,2015,12,3,25804,1,0,0,14.3125,14.3125,72.45833333333333,18.9375,clear
2015-12-18,2015,12,3,25730,1,0,0,13.104166666666666,13.104166666666666,79.04166666666667,17.1875,scattered clouds
2015-12-19,2015,12,3,18754,0,1,0,15.375,15.375,74.54166666666667,22.333333333333332,clear
2015-12-20,2015,12,3,13060,0,1,0,12.770833333333334,12.541666666666666,74.29166666666667,20.375,clear
2015-12-21,2015,12,3,18136,1,0,0,10.875,9.6875,77.54166666666667,22.604166666666668,clear
2015-12-22,2015,12,3,17458,1,0,0,14.1875,14.1875,80.66666666666667,31.395833333333332,rain
2015-12-23,2015,12,3,18451,1,0,0,11.354166666666666,11.083333333333334,69.04166666666667,23.166666666666668,scattered clouds
2015-12-24,2015,12,3,8908,1,0,0,10.916666666666666,9.895833333333334,68.3125,25.5625,clear
2015-12-25,2015,12,3,22423,0,0,1,11.270833333333334,10.354166666666666,79.4375,18.041666666666668,rain
2015-12-26,2015,12,3,10230,0,1,0,14.729166666666666,14.729166666666666,74.08333333333333,27.416666666666668,broken clouds
2015-12-27,2015,12,3,9378,0,1,0,14.333333333333334,14.333333333333334,81.14583333333333,22,broken clouds
2015-12-28,2015,12,3,13732,0,0,1,11.729166666666666,11.5625,73.41666666666667,15.041666666666666,clear
2015-12-29,2015,12,3,15592,1,0,0,11.75,11.583333333333334,74.52083333333333,17.208333333333332,scattered clouds
2015-12-30,2015,12,3,12301,1,0,0,12.583333333333334,12.541666666666666,69.375,25.083333333333332,rain
2015-12-31,2015,12,3,13889,1,0,0,9.520833333333334,7.229166666666667,69.3125,23.395833333333332,scattered clouds
2016-01-01,2016,1,3,9797,0,0,1,6.5,3.7291666666666665,82.5,16.729166666666668,clear
2016-01-02,2016,1,3,7195,0,1,0,10.5,9.395833333333334,87.02083333333333,21.604166666666668,rain
2016-01-03,2016,1,3,4869,0,1,0,8.645833333333334,6.354166666666667,83.5,16.1875,rain
2016-01-04,2016,1,3,20533,1,0,0,8.875,7.041666666666667,82.5625,12.5,scattered clouds
2016-01-05,2016,1,3,22805,1,0,0,8.979166666666666,7.895833333333333,85.66666666666667,8.4375,scattered clouds
2016-01-06,2016,1,3,23038,1,0,0,7.041666666666667,5.958333333333333,90.29166666666667,6.541666666666667,broken clouds
2016-01-07,2016,1,3,18083,1,0,0,7.958333333333333,4.604166666666667,76.0625,24.229166666666668,rain
2016-01-08,2016,1,3,20762,1,0,0,7.354166666666667,5.083333333333333,77.9375,12.645833333333334,scattered clouds
2016-01-09,2016,1,3,11583,0,1,0,9.666666666666666,8.145833333333334,81.3125,18.041666666666668,rain
2016-01-10,2016,1,3,14320,0,1,0,7.25,4.166666666666667,75.375,18.916666666666668,clear
2016-01-11,2016,1,3,21092,1,0,0,7.041666666666667,4.229166666666667,82.60416666666667,16.520833333333332,broken clouds
2016-01-12,2016,1,3,22799,1,0,0,6.1875,1.8333333333333333,77.95833333333333,27.8125,rain
2016-01-13,2016,1,3,24586,1,0,0,5.833333333333333,2.4791666666666665,71.47916666666667,18.104166666666668,clear
2016-01-14,2016,1,3,22186,1,0,0,4.479166666666667,-0.20833333333333334,73.02083333333333,25.9375,scattered clouds
2016-01-15,2016,1,3,22446,1,0,0,4,-0.2916666666666667,70.02083333333333,21.4375,scattered clouds
2016-01-16,2016,1,3,16091,0,1,0,3.1041666666666665,0.5625,75.625,9.5625,clear
2016-01-17,2016,1,3,11762,0,1,0,2.9583333333333335,0.75,80.3125,9.0625,snowfall
2016-01-18,2016,1,3,22762,1,0,0,2.9375,0.125,75.375,11.4375,scattered clouds
2016-01-19,2016,1,3,23819,1,0,0,1.3125,0.9583333333333334,68.52083333333333,2.7708333333333335,clear
2016-01-20,2016,1,3,23800,1,0,0,1.5625,0.3541666666666667,77.41666666666667,5.416666666666667,clear
2016-01-21,2016,1,3,23378,1,0,0,3.6875,1.1875,76.58333333333333,10.458333333333334,clear
2016-01-22,2016,1,3,18328,1,0,0,8.0625,5.604166666666667,79.89583333333333,15.354166666666666,clear
2016-01-23,2016,1,3,17218,0,1,0,8.666666666666666,6.729166666666667,83.6875,13.6875,clear
2016-01-24,2016,1,3,16360,0,1,0,12.4375,12.104166666666666,88.125,14.979166666666666,broken clouds
2016-01-25,2016,1,3,25724,1,0,0,12.1875,11.854166666666666,72.375,19.791666666666668,clear
2016-01-26,2016,1,3,20224,1,0,0,10.1875,8.979166666666666,80.33333333333333,27.208333333333332,rain
2016-01-27,2016,1,3,21708,1,0,0,12.083333333333334,11.5625,80.10416666666667,30.541666666666668,rain
2016-01-28,2016,1,3,25324,1,0,0,7.875,4.625,65.64583333333333,22.270833333333332,clear
2016-01-29,2016,1,3,22526,1,0,0,11.791666666666666,11.625,77.9375,33.791666666666664,broken clouds
2016-01-30,2016,1,3,16381,0,1,0,8.270833333333334,5.125,67.85416666666667,27.041666666666668,clear
2016-01-31,2016,1,3,11019,0,1,0,10.041666666666666,8.770833333333334,79.16666666666667,22.5,broken clouds
2016-02-01,2016,2,3,23606,1,0,0,12.770833333333334,12.604166666666666,68.125,34.9375,broken clouds
2016-02-02,2016,2,3,24514,1,0,0,9,5.333333333333333,61.1875,30.0625,scattered clouds
2016-02-03,2016,2,3,24436,1,0,0,6.229166666666667,2.5416666666666665,68.20833333333333,22.125,clear
2016-02-04,2016,2,3,25154,1,0,0,10.291666666666666,8.979166666666666,76.70833333333333,21.979166666666668,broken clouds
2016-02-05,2016,2,3,22597,1,0,0,10.854166666666666,10.4375,78.9375,22.333333333333332,broken clouds
2016-02-06,2016,2,3,13126,0,1,0,11.041666666666666,9.708333333333334,75.75,31.083333333333332,broken clouds
2016-02-07,2016,2,3,14025,0,1,0,8.23913043478261,4.586956521739131,71,27.41304347826087,scattered clouds
2016-02-08,2016,2,3,19497,1,0,0,8.833333333333334,4.388888888888889,63.166666666666664,41.388888888888886,broken clouds
2016-02-09,2016,2,3,23308,1,0,0,6.333333333333333,2.6458333333333335,68.25,21.375,scattered clouds
2016-02-10,2016,2,3,23626,1,0,0,6.604166666666667,3.3541666666666665,71.83333333333333,18.708333333333332,broken clouds
2016-02-11,2016,2,3,25186,1,0,0,5.208333333333333,3.1458333333333335,72.625,9.0625,scattered clouds
2016-02-12,2016,2,3,22819,1,0,0,4.75,1.9583333333333333,83.91666666666667,13.041666666666666,broken clouds
2016-02-13,2016,2,3,9869,0,1,0,4.25,0.6666666666666666,85.5625,18.4375,rain
2016-02-14,2016,2,3,13697,0,1,0,4.4375,1.0625,72.875,15.979166666666666,scattered clouds
2016-02-15,2016,2,3,21789,1,0,0,3.6666666666666665,0.0625,75.45833333333333,16.3125,scattered clouds
2016-02-16,2016,2,3,24386,1,0,0,3.6666666666666665,1.8125,76.45833333333333,9.25,clear
2016-02-17,2016,2,3,19034,1,0,0,4.8125,2.0416666666666665,76.52083333333333,12.375,broken clouds
2016-02-18,2016,2,3,23517,1,0,0,5.270833333333333,2.5625,71.95833333333333,13.208333333333334,scattered clouds
2016-02-19,2016,2,3,22173,1,0,0,6.208333333333333,2.875,78.95833333333333,19.541666666666668,clear
2016-02-20,2016,2,3,10745,0,1,0,11.173913043478262,10.08695652173913,80.82608695652173,27.956521739130434,rain
2016-02-21,2016,2,3,14670,0,1,0,13.208333333333334,13.208333333333334,79.1875,30.791666666666668,broken clouds
2016-02-22,2016,2,3,20463,1,0,0,9.041666666666666,7.1875,73.27083333333333,16.916666666666668,rain
2016-02-23,2016,2,3,25657,1,0,0,6.4375,4.5,68.04166666666667,10.895833333333334,scattered clouds
2016-02-24,2016,2,3,25481,1,0,0,3.8333333333333335,3.1875,69.47916666666667,4.770833333333333,clear
2016-02-25,2016,2,3,24174,1,0,0,3.1458333333333335,1.1666666666666667,69.27083333333333,8.583333333333334,clear
2016-02-26,2016,2,3,23580,1,0,0,3.9166666666666665,1.4583333333333333,68.6875,11.520833333333334,clear
2016-02-27,2016,2,3,14745,0,1,0,4.875,1.4583333333333333,62.979166666666664,17.770833333333332,cloudy
2016-02-28,2016,2,3,13451,0,1,0,5.0625,1.375,64.29166666666667,19.604166666666668,broken clouds
2016-02-29,2016,2,3,23585,1,0,0,5.5,3.6875,65.54166666666667,9.333333333333334,scattered clouds
2016-03-01,2016,3,0,20704,1,0,0,9.354166666666666,7.166666666666667,80.02083333333333,25.333333333333332,broken clouds
2016-03-02,2016,3,0,20635,1,0,0,6.3125,1.7916666666666667,72.1875,31,scattered clouds
2016-03-03,2016,3,0,24416,1,0,0,7.020833333333333,3.5625,67.64583333333333,21.791666666666668,scattered clouds
2016-03-04,2016,3,0,23970,1,0,0,6.083333333333333,3.1875,65.875,16.854166666666668,scattered clouds
2016-03-05,2016,3,0,12215,0,1,0,3.7916666666666665,0.6666666666666666,80.08333333333333,14.708333333333334,clear
2016-03-06,2016,3,0,12510,0,1,0,4.291666666666667,1.1875,74.54166666666667,14,scattered clouds
2016-03-07,2016,3,0,22672,1,0,0,4.791666666666667,1.7291666666666667,65.79166666666667,14.645833333333334,clear
2016-03-08,2016,3,0,23129,1,0,0,5.4375,2.625,71.39583333333333,15,clear
2016-03-09,2016,3,0,19142,1,0,0,8.020833333333334,5.229166666666667,86.83333333333333,17,rain
2016-03-10,2016,3,0,23504,1,0,0,6.791666666666667,5.375,83.39583333333333,7.520833333333333,broken clouds
2016-03-11,2016,3,0,20893,1,0,0,5.104166666666667,3.7916666666666665,83.1875,7.208333333333333,clear
2016-03-12,2016,3,0,21573,0,1,0,6.9375,6.145833333333333,82.1875,6.229166666666667,broken clouds
2016-03-13,2016,3,0,21687,0,1,0,5.333333333333333,2.7291666666666665,81.91666666666667,14.666666666666666,cloudy
2016-03-14,2016,3,0,25448,1,0,0,6.6875,3.2916666666666665,68.58333333333333,20.979166666666668,clear
2016-03-15,2016,3,0,25224,1,0,0,6.395833333333333,4.208333333333333,84.75,12.6875,broken clouds
2016-03-16,2016,3,0,25322,1,0,0,7.291666666666667,3.75,73.85416666666667,22.083333333333332,broken clouds
2016-03-17,2016,3,0,27060,1,0,0,6.416666666666667,4.416666666666667,70.79166666666667,12.166666666666666,clear
2016-03-18,2016,3,0,23047,1,0,0,5.666666666666667,3.125,81.5,12.354166666666666,broken clouds
2016-03-19,2016,3,0,17903,0,1,0,7.208333333333333,4.395833333333333,72,16.1875,cloudy
2016-03-20,2016,3,0,17043,0,1,0,7.916666666666667,6,71.95833333333333,12.791666666666666,cloudy
2016-03-21,2016,3,0,25852,1,0,0,8.9375,8.041666666666666,68.6875,10.833333333333334,broken clouds
2016-03-22,2016,3,0,29150,1,0,0,8.666666666666666,8.208333333333334,65.0625,6,clear
2016-03-23,2016,3,0,26837,1,0,0,8.8125,8.208333333333334,66.72916666666667,6.208333333333333,broken clouds
2016-03-24,2016,3,0,19329,1,0,0,8.979166666666666,6.770833333333333,75.91666666666667,17.166666666666668,rain
2016-03-25,2016,3,0,25236,0,0,1,10.6875,9.270833333333334,66.39583333333333,14.125,clear
2016-03-26,2016,3,0,10053,0,1,0,10.81578947368421,9.5,79.6842105263158,22.57894736842105,broken clouds
2016-03-27,2016,3,0,8123,0,1,0,9.714285714285714,7.464285714285714,72.75,29.5,rain
2016-03-28,2016,3,0,10216,0,0,1,8.875,5.645833333333333,72.70833333333333,34.625,rain
2016-03-29,2016,3,0,18814,1,0,0,8.5625,5.854166666666667,69.625,23.104166666666668,scattered clouds
2016-03-30,2016,3,0,26516,1,0,0,9.270833333333334,7.479166666666667,66.14583333333333,17.729166666666668,scattered clouds
2016-03-31,2016,3,0,28304,1,0,0,8.791666666666666,7.791666666666667,63.145833333333336,10.666666666666666,clear
2016-04-01,2016,4,0,27137,1,0,0,8.520833333333334,7.895833333333333,66.5,11.166666666666666,clear
2016-04-02,2016,4,0,24367,0,1,0,10.729166666666666,9.458333333333334,62.125,14.833333333333334,clear
2016-04-03,2016,4,0,24941,0,1,0,11.5625,11.041666666666666,77.54166666666667,11.3125,rain
2016-04-04,2016,4,0,25109,1,0,0,11.083333333333334,10.5,77.52083333333333,13.583333333333334,scattered clouds
2016-04-05,2016,4,0,30575,1,0,0,11.583333333333334,10.916666666666666,65.70833333333333,14.916666666666666,scattered clouds
2016-04-06,2016,4,0,24002,1,0,0,9.5,7.208333333333333,65.8125,26.4375,clear
2016-04-07,2016,4,0,18358,1,0,0,7.934782608695652,4.760869565217392,75.02173913043478,21.08695652173913,rain
2016-04-08,2016,4,0,27191,1,0,0,9.583333333333334,8.4375,72.41666666666667,11.1875,clear
2016-04-09,2016,4,0,19704,0,1,0,8.979166666666666,7,70.6875,15.833333333333334,scattered clouds
2016-04-10,2016,4,0,23418,0,1,0,8.291666666666666,6.375,67.08333333333333,20.375,clear
2016-04-11,2016,4,0,24010,1,0,0,11.895833333333334,11.3125,78.625,16.041666666666668,clear
2016-04-12,2016,4,0,30745,1,0,0,12.166666666666666,11.604166666666666,66.5,12.895833333333334,clear
2016-04-13,2016,4,0,31762,1,0,0,12.5625,12.354166666666666,58.916666666666664,7.020833333333333,clear
2016-04-14,2016,4,0,30611,1,0,0,13.166666666666666,12.958333333333334,61.479166666666664,9.958333333333334,clear
2016-04-15,2016,4,0,15761,1,0,0,10.604166666666666,10.125,86.14583333333333,9.270833333333334,rain
2016-04-16,2016,4,0,17571,0,1,0,7.041666666666667,4.354166666666667,72.875,15.75,broken clouds
2016-04-17,2016,4,0,26885,0,1,0,7.583333333333333,6.395833333333333,59.083333333333336,8.645833333333334,clear
2016-04-18,2016,4,0,28220,1,0,0,9.520833333333334,8.354166666666666,60.8125,17.083333333333332,clear
2016-04-19,2016,4,0,33342,1,0,0,11.291666666666666,10.354166666666666,61.541666666666664,12.854166666666666,clear
2016-04-20,2016,4,0,34197,1,0,0,9.125,7.645833333333333,72.27083333333333,19.125,clear
2016-04-21,2016,4,0,31612,1,0,0,10.625,9.479166666666666,67.3125,20.1875,clear
2016-04-22,2016,4,0,20342,1,0,0,9.125,6.833333333333333,74.16666666666667,19.479166666666668,rain
2016-04-23,2016,4,0,21762,0,1,0,7.604166666666667,5.395833333333333,64.54166666666667,13.6875,scattered clouds
2016-04-24,2016,4,0,18597,0,1,0,7.270833333333333,5.041666666666667,65.54166666666667,12.854166666666666,rain
2016-04-25,2016,4,0,24149,1,0,0,8.041666666666666,5.729166666666667,74.20833333333333,18.270833333333332,scattered clouds
2016-04-26,2016,4,0,27628,1,0,0,6.291666666666667,2.625,61.625,20.9375,clear
2016-04-27,2016,4,0,28157,1,0,0,6.5625,4.0625,63.270833333333336,13.75,rain
2016-04-28,2016,4,0,28609,1,0,0,7.9375,6.166666666666667,64.1875,16.958333333333332,scattered clouds
2016-04-29,2016,4,0,25385,1,0,0,8.583333333333334,5.708333333333333,60.4375,24.229166666666668,clear
2016-04-30,2016,4,0,24698,0,1,0,9.083333333333334,7.958333333333333,55.979166666666664,12.270833333333334,clear
2016-05-01,2016,5,0,29249,0,1,0,11,10.625,58.291666666666664,12.4375,clear
2016-05-02,2016,5,0,19428,0,0,1,12.708333333333334,12.583333333333334,76.125,20.770833333333332,scattered clouds
2016-05-03,2016,5,0,31962,1,0,0,11.708333333333334,10.854166666666666,54.375,14.645833333333334,clear
2016-05-04,2016,5,0,36182,1,0,0,13.270833333333334,13,46.916666666666664,11.0625,clear
2016-05-05,2016,5,0,38684,1,0,0,14.125,13.916666666666666,51,14.479166666666666,clear
2016-05-06,2016,5,0,39589,1,0,0,15.0625,14.9375,62.770833333333336,13.395833333333334,clear
2016-05-07,2016,5,0,43819,0,1,0,17.4375,17.375,63.354166666666664,13.3125,clear
2016-05-08,2016,5,0,44758,0,1,0,19.25,19.229166666666668,57.145833333333336,15.5625,clear
2016-05-09,2016,5,0,30507,1,0,0,17.708333333333332,17.645833333333332,65.72916666666667,16.145833333333332,clear
2016-05-10,2016,5,0,21452,1,0,0,15.833333333333334,15.833333333333334,91.10416666666667,14.958333333333334,rain
2016-05-11,2016,5,0,27574,1,0,0,16.083333333333332,16.083333333333332,91.35416666666667,9.958333333333334,rain
2016-05-12,2016,5,0,38082,1,0,0,17.708333333333332,17.625,69.8125,15.666666666666666,clear
2016-05-13,2016,5,0,34706,1,0,0,13.375,13.020833333333334,73.95833333333333,18.291666666666668,broken clouds
2016-05-14,2016,5,0,30046,0,1,0,10.291666666666666,8.979166666666666,56.75,14.25,broken clouds
2016-05-15,2016,5,0,34302,0,1,0,12.1875,11.958333333333334,58.270833333333336,12.395833333333334,clear
2016-05-16,2016,5,0,37045,1,0,0,14.166666666666666,14.104166666666666,62.1875,8.979166666666666,clear
2016-05-17,2016,5,0,36445,1,0,0,14.458333333333334,14.458333333333334,61.979166666666664,15.604166666666666,clear
2016-05-18,2016,5,0,24111,1,0,0,12.916666666666666,12.916666666666666,79.97916666666667,15.229166666666666,rain
2016-05-19,2016,5,0,34267,1,0,0,14.145833333333334,14.145833333333334,73.79166666666667,16.104166666666668,broken clouds
2016-05-20,2016,5,0,35674,1,0,0,15.979166666666666,15.979166666666666,67,20.229166666666668,broken clouds
2016-05-21,2016,5,0,26373,0,1,0,15.9375,15.9375,74.0625,19.25,broken clouds
2016-05-22,2016,5,0,30628,0,1,0,15.166666666666666,15.166666666666666,67.47916666666667,9.416666666666666,scattered clouds
2016-05-23,2016,5,0,35067,1,0,0,15.145833333333334,15.145833333333334,61.604166666666664,15.166666666666666,scattered clouds
2016-05-24,2016,5,0,36184,1,0,0,12.9375,12.729166666666666,63.770833333333336,15.270833333333334,scattered clouds
2016-05-25,2016,5,0,31614,1,0,0,11.083333333333334,10.375,73.79166666666667,11.3125,broken clouds
2016-05-26,2016,5,0,37113,1,0,0,14.354166666666666,14.354166666666666,68.72916666666667,9.833333333333334,clear
2016-05-27,2016,5,0,35708,1,0,0,15.104166666666666,15.104166666666666,71.5,15.604166666666666,clear
2016-05-28,2016,5,0,30831,0,1,0,14.354166666666666,14.3125,77.33333333333333,11.270833333333334,scattered clouds
2016-05-29,2016,5,0,30760,0,1,0,13.875,13.75,76.91666666666667,14.25,broken clouds
2016-05-30,2016,5,0,23697,0,0,1,14.416666666666666,14.416666666666666,75.25,19.9375,broken clouds
2016-05-31,2016,5,0,16078,1,0,0,12.5,12.5,84.97916666666667,23.604166666666668,broken clouds
2016-06-01,2016,6,1,26871,1,0,0,12.75,12.75,89.25,17.583333333333332,broken clouds
2016-06-02,2016,6,1,28901,1,0,0,11.375,11.291666666666666,83.25,20.020833333333332,broken clouds
2016-06-03,2016,6,1,29254,1,0,0,11.291666666666666,10.5,84.89583333333333,12.270833333333334,broken clouds
2016-06-04,2016,6,1,29697,0,1,0,15.145833333333334,15.145833333333334,87.14583333333333,8.604166666666666,broken clouds
2016-06-05,2016,6,1,40229,0,1,0,16.416666666666668,16.416666666666668,79.14583333333333,12,broken clouds
2016-06-06,2016,6,1,39050,1,0,0,15.895833333333334,15.833333333333334,70.16666666666667,14.333333333333334,clear
2016-06-07,2016,6,1,34676,1,0,0,17.5,17.5,72.20833333333333,8.458333333333334,clear
2016-06-08,2016,6,1,34196,1,0,0,18.479166666666668,18.479166666666668,73.29166666666667,7.375,rain
2016-06-09,2016,6,1,41165,1,0,0,15.604166666666666,15.604166666666666,75.375,11.354166666666666,clear
2016-06-10,2016,6,1,39637,1,0,0,17.645833333333332,17.583333333333332,64.22916666666667,10.020833333333334,clear
2016-06-11,2016,6,1,28628,0,1,0,18.166666666666668,18.166666666666668,73.5,7.0625,rain
2016-06-12,2016,6,1,17841,0,1,0,17.208333333333332,17.208333333333332,81.58333333333333,11.541666666666666,scattered clouds
2016-06-13,2016,6,1,27293,1,0,0,16.6875,16.6875,81.25,15.3125,broken clouds
2016-06-14,2016,6,1,29852,1,0,0,16.166666666666668,16.166666666666668,81.125,16.875,rain
2016-06-15,2016,6,1,37311,1,0,0,16.479166666666668,16.479166666666668,68.14583333333333,15.916666666666666,scattered clouds
2016-06-16,2016,6,1,31110,1,0,0,16.020833333333332,16.020833333333332,75.5625,10.645833333333334,broken clouds
2016-06-17,2016,6,1,31641,1,0,0,15.520833333333334,15.520833333333334,80.89583333333333,10,scattered clouds
2016-06-18,2016,6,1,29226,0,1,0,14.895833333333334,14.895833333333334,76.1875,11.208333333333334,broken clouds
2016-06-19,2016,6,1,30954,0,1,0,16.958333333333332,16.958333333333332,72.6875,16.375,broken clouds
2016-06-20,2016,6,1,22057,1,0,0,18.0625,18.0625,80.6875,20.375,rain
2016-06-21,2016,6,1,38551,1,0,0,18.770833333333332,18.770833333333332,65.66666666666667,16.125,scattered clouds
2016-06-22,2016,6,1,36226,1,0,0,19.145833333333332,19.145833333333332,78.91666666666667,11.270833333333334,broken clouds
2016-06-23,2016,6,1,24852,1,0,0,19.9375,19.9375,89.95833333333333,10.604166666666666,rain
2016-06-24,2016,6,1,18380,1,0,0,19.444444444444443,19.444444444444443,59,21.666666666666668,scattered clouds
2016-06-25,2016,6,1,25939,0,1,0,16.0625,16.0625,73.45833333333333,13.5625,rain
2016-06-26,2016,6,1,29112,0,1,0,16.604166666666668,16.604166666666668,71.14583333333333,19.270833333333332,scattered clouds
2016-06-27,2016,6,1,33299,1,0,0,18.0625,18.0625,68.95833333333333,16.041666666666668,clear
2016-06-28,2016,6,1,31288,1,0,0,16.604166666666668,16.604166666666668,63.041666666666664,12.270833333333334,clear
2016-06-29,2016,6,1,31210,1,0,0,15.4375,15.4375,78.27083333333333,23.020833333333332,broken clouds
2016-06-30,2016,6,1,35432,1,0,0,17.25,17.25,74.0625,18.416666666666668,scattered clouds
2016-07-01,2016,7,1,27730,1,0,0,16.770833333333332,16.770833333333332,73.29166666666667,22.270833333333332,broken clouds
2016-07-02,2016,7,1,30322,0,1,0,15.479166666666666,15.479166666666666,65.8125,23.75,scattered clouds
2016-07-03,2016,7,1,33668,0,1,0,16.854166666666668,16.854166666666668,65.64583333333333,14.4375,clear
2016-07-04,2016,7,1,37221,1,0,0,17.458333333333332,17.458333333333332,71.9375,15.520833333333334,broken clouds
2016-07-05,2016,7,1,40463,1,0,0,18.041666666666668,18.041666666666668,63.354166666666664,19.479166666666668,broken clouds
2016-07-06,2016,7,1,42412,1,0,0,17.729166666666668,17.625,53.541666666666664,9.604166666666666,clear
2016-07-07,2016,7,1,39157,1,0,0,19.333333333333332,19.3125,59.895833333333336,14.375,clear
2016-07-08,2016,7,1,36842,1,0,0,19.625,19.625,66.1875,23.125,scattered clouds
2016-07-09,2016,7,1,33968,0,1,0,20.125,20.125,67.75,19.75,clear
2016-07-10,2016,7,1,29135,0,1,0,19.416666666666668,19.416666666666668,72.29166666666667,22.604166666666668,scattered clouds
2016-07-11,2016,7,1,32420,1,0,0,18.041666666666668,18.041666666666668,73.6875,22,broken clouds
2016-07-12,2016,7,1,29869,1,0,0,15.708333333333334,15.708333333333334,78.5,15.395833333333334,rain
2016-07-13,2016,7,1,35691,1,0,0,15.479166666666666,15.479166666666666,70.4375,15.145833333333334,rain
2016-07-14,2016,7,1,39923,1,0,0,17.208333333333332,17.208333333333332,59.104166666666664,13.458333333333334,clear
2016-07-15,2016,7,1,36601,1,0,0,17.395833333333332,17.395833333333332,69.54166666666667,16.708333333333332,clear
2016-07-16,2016,7,1,38349,0,1,0,21.645833333333332,21.666666666666668,69.875,20.666666666666668,scattered clouds
2016-07-17,2016,7,1,37769,0,1,0,22.979166666666668,23,67.25,17.854166666666668,scattered clouds
2016-07-18,2016,7,1,43195,1,0,0,23.5,23.375,58.520833333333336,8.3125,clear
2016-07-19,2016,7,1,46021,1,0,0,24.645833333333332,24.729166666666668,62.604166666666664,14.458333333333334,clear
2016-07-20,2016,7,1,44664,1,0,0,24.979166666666668,25.041666666666668,59,19.041666666666668,clear
2016-07-21,2016,7,1,41272,1,0,0,20.8125,20.8125,61.875,11.104166666666666,clear
2016-07-22,2016,7,1,35996,1,0,0,21.125,21.125,66.91666666666667,8.9375,scattered clouds
2016-07-23,2016,7,1,41466,0,1,0,22.125,22.125,64.33333333333333,9.979166666666666,clear
2016-07-24,2016,7,1,38553,0,1,0,20.770833333333332,20.770833333333332,67.5,16.625,broken clouds
2016-07-25,2016,7,1,40577,1,0,0,20.4375,20.104166666666668,58.916666666666664,18.416666666666668,clear
2016-07-26,2016,7,1,42021,1,0,0,19.75,19.729166666666668,61.208333333333336,14.145833333333334,scattered clouds
2016-07-27,2016,7,1,33339,1,0,0,20.458333333333332,20.458333333333332,71.83333333333333,16.958333333333332,rain
2016-07-28,2016,7,1,31244,1,0,0,19.045454545454547,19.045454545454547,66,12.045454545454545,scattered clouds
2016-07-29,2016,7,1,35353,1,0,0,19.895833333333332,19.895833333333332,72.22916666666667,17.708333333333332,scattered clouds
2016-07-30,2016,7,1,45608,0,1,0,19.520833333333332,19.395833333333332,63.270833333333336,10.458333333333334,scattered clouds
2016-07-31,2016,7,1,44678,0,1,0,18.804347826086957,18.782608695652176,55.47826086956522,10.73913043478261,scattered clouds
2016-08-01,2016,8,1,29749,1,0,0,16.8125,16.8125,67.875,12.583333333333334,clear
2016-08-02,2016,8,1,28593,1,0,0,18.854166666666668,18.854166666666668,86.77083333333333,17.3125,rain
2016-08-03,2016,8,1,40268,1,0,0,20.666666666666668,20.666666666666668,67.64583333333333,24.708333333333332,scattered clouds
2016-08-04,2016,8,1,39082,1,0,0,19.229166666666668,19.166666666666668,62.958333333333336,23.833333333333332,scattered clouds
2016-08-05,2016,8,1,35991,1,0,0,19.67391304347826,19.5,62.369565217391305,16,scattered clouds
2016-08-06,2016,8,1,41885,0,1,0,20.5,20.5,58.729166666666664,14.354166666666666,clear
2016-08-07,2016,8,1,38076,0,1,0,21.645833333333332,21.645833333333332,64.6875,24.4375,scattered clouds
2016-08-08,2016,8,1,37769,1,0,0,18.354166666666668,18.354166666666668,54.333333333333336,21.416666666666668,clear
2016-08-09,2016,8,1,39514,1,0,0,16.75,16.75,52.208333333333336,16.354166666666668,clear
2016-08-10,2016,8,1,38430,1,0,0,16.229166666666668,16.229166666666668,59.104166666666664,14.4375,clear
2016-08-11,2016,8,1,37626,1,0,0,18.979166666666668,18.979166666666668,64.75,20.333333333333332,scattered clouds
2016-08-12,2016,8,1,40159,1,0,0,21.020833333333332,21,61.625,21.208333333333332,clear
2016-08-13,2016,8,1,43041,0,1,0,20.3125,20.3125,61.729166666666664,19.520833333333332,clear
2016-08-14,2016,8,1,43848,0,1,0,19.25,19.0625,53.9375,9.166666666666666,clear
2016-08-15,2016,8,1,40236,1,0,0,18.23913043478261,18.195652173913043,64.82608695652173,14.695652173913043,clear
2016-08-16,2016,8,1,38911,1,0,0,18.022727272727273,18.022727272727273,68.5909090909091,14.045454545454545,scattered clouds
2016-08-17,2016,8,1,42439,1,0,0,19.229166666666668,19.229166666666668,66.27083333333333,12.270833333333334,clear
2016-08-18,2016,8,1,38983,1,0,0,19.4375,19.333333333333332,69.08333333333333,13.25,clear
2016-08-19,2016,8,1,25593,1,0,0,17.854166666666668,17.854166666666668,83.66666666666667,12.541666666666666,scattered clouds
2016-08-20,2016,8,1,24371,0,1,0,17.9375,17.9375,70.08333333333333,26.229166666666668,scattered clouds
2016-08-21,2016,8,1,28219,0,1,0,18.645833333333332,18.625,68.4375,26.291666666666668,broken clouds
2016-08-22,2016,8,1,35693,1,0,0,20.75,20.75,68.66666666666667,20.3125,scattered clouds
2016-08-23,2016,8,1,42060,1,0,0,23.145833333333332,23.041666666666668,59.979166666666664,10.291666666666666,clear
2016-08-24,2016,8,1,40664,1,0,0,25.479166666666668,25.5625,60.104166666666664,6.8125,clear
2016-08-25,2016,8,1,37742,1,0,0,23.979166666666668,24.354166666666668,66.97916666666667,8.3125,clear
2016-08-26,2016,8,1,37697,1,0,0,23.1875,22.979166666666668,56.125,10.166666666666666,clear
2016-08-27,2016,8,1,32188,0,1,0,21.25,21.25,69.25,15.208333333333334,clear
2016-08-28,2016,8,1,25849,0,1,0,20.020833333333332,20.020833333333332,74.5625,18.229166666666668,broken clouds
2016-08-29,2016,8,1,34176,0,0,1,19.479166666666668,19.416666666666668,65.375,8.333333333333334,scattered clouds
2016-08-30,2016,8,1,39473,1,0,0,20.791666666666668,20.791666666666668,54.833333333333336,8.645833333333334,clear
2016-08-31,2016,8,1,38989,1,0,0,19.8125,19.8125,63.125,15.333333333333334,clear
2016-09-01,2016,9,2,39270,1,0,0,19.347826086956523,19.282608695652176,62.21739130434783,13.76086956521739,clear
2016-09-03,2016,9,2,15265,0,1,0,19.416666666666668,19.416666666666668,75.41666666666667,21.916666666666668,rain
2016-09-04,2016,9,2,27512,0,1,0,18.854166666666668,18.854166666666668,69.85416666666667,23.395833333333332,broken clouds
2016-09-05,2016,9,2,27873,1,0,0,19.020833333333332,19.020833333333332,82.52083333333333,9.4375,broken clouds
2016-09-06,2016,9,2,37629,1,0,0,22.1875,22.1875,79.29166666666667,10.333333333333334,broken clouds
2016-09-07,2016,9,2,39816,1,0,0,22.5625,22.583333333333332,66.91666666666667,9.5625,clear
2016-09-08,2016,9,2,40555,1,0,0,20.1875,20.041666666666668,62.270833333333336,19.291666666666668,clear
2016-09-09,2016,9,2,36151,1,0,0,19.541666666666668,19.541666666666668,72.625,17.541666666666668,broken clouds
2016-09-10,2016,9,2,17080,0,1,0,19.166666666666668,19.166666666666668,80.5,16.333333333333332,rain
2016-09-11,2016,9,2,39403,0,1,0,16.854166666666668,16.75,63.854166666666664,9.041666666666666,clear
2016-09-12,2016,9,2,39261,1,0,0,20.541666666666668,20.541666666666668,65.125,11.541666666666666,clear
2016-09-13,2016,9,2,43573,1,0,0,24.791666666666668,24.625,62.166666666666664,13.520833333333334,clear
2016-09-14,2016,9,2,44478,1,0,0,23.458333333333332,23.479166666666668,63.270833333333336,10.4375,clear
2016-09-15,2016,9,2,42135,1,0,0,22.604166666666668,22.729166666666668,66.83333333333333,9.979166666666666,clear
2016-09-16,2016,9,2,21967,1,0,0,17.333333333333332,17.333333333333332,79.1875,17.333333333333332,rain
2016-09-17,2016,9,2,27182,0,1,0,15.375,15.375,80.6875,19.875,cloudy
2016-09-18,2016,9,2,29463,0,1,0,17.104166666666668,17.104166666666668,78.1875,7.75,broken clouds
2016-09-19,2016,9,2,33109,1,0,0,18.104166666666668,18.104166666666668,70.10416666666667,7.333333333333333,scattered clouds
2016-09-20,2016,9,2,37292,1,0,0,16.833333333333332,16.833333333333332,78.41666666666667,6.416666666666667,broken clouds
2016-09-21,2016,9,2,40267,1,0,0,18.104166666666668,18.041666666666668,70.25,9.354166666666666,clear
2016-09-22,2016,9,2,38043,1,0,0,17.416666666666668,17.416666666666668,71.33333333333333,11.604166666666666,scattered clouds
2016-09-23,2016,9,2,38528,1,0,0,15.729166666666666,15.729166666666666,59.4375,10.375,clear
2016-09-24,2016,9,2,35786,0,1,0,18.791666666666668,18.625,62.020833333333336,15.75,clear
2016-09-25,2016,9,2,29663,0,1,0,17.6875,17.6875,62.25,19.875,clear
2016-09-26,2016,9,2,34774,1,0,0,15.375,15.375,69.10416666666667,10.479166666666666,scattered clouds
2016-09-27,2016,9,2,35751,1,0,0,17.104166666666668,17.104166666666668,75.875,15.625,broken clouds
2016-09-28,2016,9,2,38529,1,0,0,17.9375,17.9375,75.35416666666667,21.25,scattered clouds
2016-09-29,2016,9,2,34511,1,0,0,17.645833333333332,17.645833333333332,69.5625,24.791666666666668,scattered clouds
2016-09-30,2016,9,2,33753,1,0,0,15.3125,15.3125,66.58333333333333,16.791666666666668,clear
2016-10-01,2016,10,2,17593,0,1,0,13.020833333333334,13.020833333333334,81.6875,9,rain
2016-10-02,2016,10,2,27022,0,1,0,13.208333333333334,13.208333333333334,71.85416666666667,13.5625,scattered clouds
2016-10-03,2016,10,2,35582,1,0,0,13.208333333333334,13.104166666666666,69.0625,6.479166666666667,clear
2016-10-04,2016,10,2,36807,1,0,0,14.770833333333334,14.770833333333334,77.72916666666667,20.5625,scattered clouds
2016-10-05,2016,10,2,35993,1,0,0,14.270833333333334,14.270833333333334,62.6875,28.708333333333332,clear
2016-10-06,2016,10,2,35005,1,0,0,13.270833333333334,13.270833333333334,59.416666666666664,19.354166666666668,broken clouds
2016-10-07,2016,10,2,33050,1,0,0,13.958333333333334,13.958333333333334,73.70833333333333,11.041666666666666,broken clouds
2016-10-08,2016,10,2,26884,0,1,0,14,14,77.14583333333333,8.979166666666666,scattered clouds
2016-10-09,2016,10,2,25082,0,1,0,12.104166666666666,11.75,72.02083333333333,10.104166666666666,clear
2016-10-10,2016,10,2,32760,1,0,0,10.4375,9.958333333333334,75.625,9.166666666666666,clear
2016-10-11,2016,10,2,34914,1,0,0,10.875,10.5625,75.22916666666667,7.916666666666667,scattered clouds
2016-10-12,2016,10,2,32282,1,0,0,12.5625,12.541666666666666,76.83333333333333,13.666666666666666,scattered clouds
2016-10-13,2016,10,2,30587,1,0,0,11.25,10.541666666666666,77.45833333333333,17.354166666666668,rain
2016-10-14,2016,10,2,32324,1,0,0,12,11.979166666666666,74.64583333333333,11.270833333333334,scattered clouds
2016-10-15,2016,10,2,23488,0,1,0,13.208333333333334,13.208333333333334,78.25,8.75,scattered clouds
2016-10-16,2016,10,2,18527,0,1,0,13.916666666666666,13.645833333333334,82.875,14.4375,clear
2016-10-17,2016,10,2,28734,1,0,0,14.229166666666666,14.229166666666666,76.1875,14.333333333333334,clear
2016-10-18,2016,10,2,32771,1,0,0,12.125,12,68.75,24.104166666666668,clear
2016-10-19,2016,10,2,33673,1,0,0,11.958333333333334,11.708333333333334,69.95833333333333,18.625,scattered clouds
2016-10-20,2016,10,2,32344,1,0,0,11.875,11.625,77.97916666666667,13.979166666666666,broken clouds
2016-10-21,2016,10,2,30567,1,0,0,11.0625,10.125,81.79166666666667,12.5625,broken clouds
2016-10-22,2016,10,2,26020,0,1,0,10.5,10.166666666666666,79.60416666666667,8.3125,scattered clouds
2016-10-23,2016,10,2,23553,0,1,0,10.270833333333334,9.875,78.52083333333333,13.333333333333334,scattered clouds
2016-10-24,2016,10,2,30053,1,0,0,11.666666666666666,11.333333333333334,74.70833333333333,11.166666666666666,scattered clouds
2016-10-25,2016,10,2,32992,1,0,0,11.833333333333334,11.833333333333334,79.0625,5.1875,broken clouds
2016-10-26,2016,10,2,34010,1,0,0,13.479166666666666,13.479166666666666,81.79166666666667,11.8125,scattered clouds
2016-10-27,2016,10,2,33888,1,0,0,12.854166666666666,12.6875,79.64583333333333,17.020833333333332,scattered clouds
2016-10-28,2016,10,2,33420,1,0,0,14.5625,14.5625,74.77083333333333,13.5,broken clouds
2016-10-29,2016,10,2,27785,0,1,0,14.270833333333334,14.270833333333334,84.04166666666667,3.0833333333333335,cloudy
2016-10-30,2016,10,2,23535,0,1,0,11.144927536231885,11.101449275362318,94.17391304347827,5.094202898550725,cloudy
2016-10-31,2016,10,2,34461,1,0,0,12.708333333333334,12.666666666666666,89.29166666666667,6.4375,clear
2016-11-01,2016,11,2,32054,1,0,0,10.458333333333334,10.104166666666666,86.5625,8.583333333333334,broken clouds
2016-11-02,2016,11,2,32038,1,0,0,8,6.604166666666667,70.29166666666667,9.979166666666666,clear
2016-11-03,2016,11,2,30891,1,0,0,7.916666666666667,6.645833333333333,72.02083333333333,9.875,clear
2016-11-04,2016,11,2,21932,1,0,0,9.4375,8.375,79.875,9.229166666666666,clear
2016-11-05,2016,11,2,19420,0,1,0,7.041666666666667,4.145833333333333,74.8125,17.104166666666668,broken clouds
2016-11-06,2016,11,2,13406,0,1,0,5.645833333333333,2.0416666666666665,73.875,19,clear
2016-11-07,2016,11,2,17193,1,0,0,6.770833333333333,3.7708333333333335,76.5625,16.770833333333332,scattered clouds
2016-11-08,2016,11,2,26147,1,0,0,4.75,2.1041666666666665,73.95833333333333,11.104166666666666,clear
2016-11-09,2016,11,2,18700,1,0,0,7.645833333333333,4.666666666666667,85.29166666666667,18.875,rain
2016-11-10,2016,11,2,25830,1,0,0,8.083333333333334,5.541666666666667,78.70833333333333,18.041666666666668,scattered clouds
2016-11-11,2016,11,2,27814,1,0,0,7.333333333333333,5.666666666666667,74.27083333333333,9.479166666666666,clear
2016-11-12,2016,11,2,8990,0,1,0,9.304347826086957,7.826086956521739,85.91304347826087,10.76086956521739,rain
2016-11-13,2016,11,2,19044,0,1,0,8.645833333333334,7.5,83.52083333333333,8.333333333333334,clear
2016-11-14,2016,11,2,24618,1,0,0,10.770833333333334,10.208333333333334,85.25,14.125,broken clouds
2016-11-15,2016,11,2,28498,1,0,0,14.270833333333334,14.270833333333334,87.5625,16.833333333333332,broken clouds
2016-11-16,2016,11,2,27439,1,0,0,13.083333333333334,13.020833333333334,79.83333333333333,22.6875,scattered clouds
2016-11-17,2016,11,2,27462,1,0,0,10.083333333333334,7.875,70.58333333333333,22.583333333333332,broken clouds
2016-11-18,2016,11,2,26594,1,0,0,6.270833333333333,2.8958333333333335,71.83333333333333,19.083333333333332,clear
2016-11-19,2016,11,2,18069,0,1,0,5.708333333333333,2.4166666666666665,79.70833333333333,16.791666666666668,clear
2016-11-20,2016,11,2,10613,0,1,0,7.6875,4.666666666666667,85,20.458333333333332,broken clouds
2016-11-21,2016,11,2,19230,1,0,0,9.979166666666666,9,86.41666666666667,16.729166666666668,rain
2016-11-22,2016,11,2,27422,1,0,0,10.4375,9.395833333333334,75.35416666666667,19.916666666666668,rain
2016-11-23,2016,11,2,28768,1,0,0,9.041666666666666,7.9375,84.14583333333333,10.8125,scattered clouds
2016-11-24,2016,11,2,27941,1,0,0,10.083333333333334,8.541666666666666,77.27083333333333,22.104166666666668,broken clouds
2016-11-25,2016,11,2,27413,1,0,0,8.208333333333334,6.145833333333333,70.3125,16.020833333333332,clear
2016-11-26,2016,11,2,19581,0,1,0,6.333333333333333,4.979166666666667,85.5,7.833333333333333,clear
2016-11-27,2016,11,2,15446,0,1,0,7.541666666666667,5.791666666666667,77.75,10.729166666666666,cloudy
2016-11-28,2016,11,2,26765,1,0,0,6.791666666666667,4,64.64583333333333,16.479166666666668,clear
2016-11-29,2016,11,2,27607,1,0,0,3.0625,1.625,76.625,6.833333333333333,clear
2016-11-30,2016,11,2,26934,1,0,0,2.7916666666666665,0.041666666666666664,73.58333333333333,10.75,clear
2016-12-01,2016,12,3,26245,1,0,0,4.395833333333333,1.5208333333333333,72.95833333333333,12.458333333333334,clear
2016-12-02,2016,12,3,25991,1,0,0,6.875,5.729166666666667,85.08333333333333,6.583333333333333,cloudy
2016-12-03,2016,12,3,17898,0,1,0,6.5625,4.291666666666667,75.91666666666667,13.354166666666666,cloudy
2016-12-04,2016,12,3,15267,0,1,0,4.666666666666667,2,78.02083333333333,13.854166666666666,clear
2016-12-05,2016,12,3,26231,1,0,0,3.625,2.0625,90.5,7,clear
2016-12-06,2016,12,3,28095,1,0,0,7.25,6.5625,93.625,6.5,cloudy
2016-12-07,2016,12,3,29424,1,0,0,12.104166666666666,12.0625,83.5625,12.791666666666666,clear
2016-12-08,2016,12,3,28366,1,0,0,12.791666666666666,12.791666666666666,83.47916666666667,16.3125,broken clouds
2016-12-09,2016,12,3,29714,1,0,0,13.125,13.125,85.41666666666667,14.3125,clear
2016-12-10,2016,12,3,14832,0,1,0,12.3125,12.0625,89.1875,15.104166666666666,cloudy
2016-12-11,2016,12,3,17450,0,1,0,8,5.5625,86.58333333333333,15.270833333333334,clear
2016-12-12,2016,12,3,25275,1,0,0,8.291666666666666,7.083333333333333,91.45833333333333,10.5625,cloudy
2016-12-13,2016,12,3,26520,1,0,0,11.625,11.375,90.75,9.958333333333334,broken clouds
2016-12-14,2016,12,3,28861,1,0,0,10.291666666666666,9.479166666666666,85.16666666666667,9.854166666666666,clear
2016-12-15,2016,12,3,28195,1,0,0,9,7.520833333333333,89.54166666666667,11.75,cloudy
2016-12-16,2016,12,3,27621,1,0,0,9.541666666666666,8.5625,89.95833333333333,8.041666666666666,cloudy
2016-12-17,2016,12,3,17238,0,1,0,7.416666666666667,6.458333333333333,95.9375,6.208333333333333,cloudy
2016-12-18,2016,12,3,14970,0,1,0,8.145833333333334,7.208333333333333,90.72916666666667,6.520833333333333,cloudy
2016-12-19,2016,12,3,23535,1,0,0,7.1875,6.020833333333333,88.39583333333333,7.458333333333333,cloudy
2016-12-20,2016,12,3,24864,1,0,0,6.208333333333333,3.9583333333333335,80.02083333333333,11.208333333333334,cloudy
2016-12-21,2016,12,3,23136,1,0,0,10.3125,9.3125,83.33333333333333,17.166666666666668,broken clouds
2016-12-22,2016,12,3,21461,1,0,0,8.291666666666666,6.416666666666667,80.10416666666667,12.604166666666666,clear
2016-12-23,2016,12,3,14409,1,0,0,9.916666666666666,8.875,84.66666666666667,21.291666666666668,cloudy
2016-12-24,2016,12,3,7890,0,1,0,9.020833333333334,6.104166666666667,75.35416666666667,24.895833333333332,scattered clouds
2016-12-25,2016,12,3,36653,0,1,0,12.5,12.5,79.41666666666667,27.666666666666668,cloudy
2016-12-26,2016,12,3,11455,0,0,1,8.354166666666666,5.541666666666667,70.54166666666667,22.020833333333332,clear
2016-12-27,2016,12,3,10842,0,0,1,4.1875,2.4583333333333335,81.91666666666667,7.5,clear
2016-12-28,2016,12,3,12428,1,0,0,2.1666666666666665,0.020833333333333332,97.22916666666667,7.395833333333333,clear
2016-12-29,2016,12,3,14052,1,0,0,3.7708333333333335,2.4375,89.97916666666667,6.0625,clear
2016-12-30,2016,12,3,11566,1,0,0,3.2708333333333335,1.0625,98.6875,9,cloudy
2016-12-31,2016,12,3,11424,0,1,0,7.4375,5.041666666666667,90.95833333333333,13.3125,cloudy
