{"chunk_definitions":[{"row":421,"row_count":1,"visible":true,"expansion_state":0,"options":{"fig-width":14,"fig-height":8.3,"echo":false,"purl":false,"engine":"r","label":"unnamed-chunk-31"},"document_id":"28A23572","chunk_id":"c12a2yl8aecf9","chunk_label":"example-motivation-advanced"},{"row":659,"row_count":1,"visible":true,"expansion_state":0,"options":{"engine":"r","label":"unnamed-chunk-32"},"document_id":"28A23572","chunk_id":"c6evpfqx79x0i","chunk_label":"data-import"}],"doc_write_time":1697057654,"chunk_rendered_width":400}