{"chunk_definitions":[{"row":74,"row_count":1,"visible":true,"expansion_state":0,"options":{"engine":"r","label":"heatmap-wrong","output-location":"column","code-line-numbers":"3,4,5|7,8","dev":"png"},"document_id":"3A302BFF","chunk_id":"c0yoaxeg0af81","chunk_label":"heatmap-wrong"},{"row":92,"row_count":1,"visible":true,"expansion_state":0,"options":{"engine":"r","label":"stat-summary-2d","output-location":"column","code-line-numbers":"5,7","dev":"png"},"document_id":"3A302BFF","chunk_id":"c8lwaxr8evbrb","chunk_label":"stat-summary-2d"}],"doc_write_time":1744056715,"chunk_rendered_width":700}